photo_id;0;1;2;3;4;5;6;7;8
204149;0;1;1;1;0;1;0;1;1
52779;0;1;1;1;0;1;0;1;1
278973;0;1;1;1;0;1;0;1;1
195284;0;1;1;1;0;1;0;1;1
19992;0;1;1;1;0;1;0;1;1
80748;0;1;1;1;0;1;0;1;1
444996;0;1;1;1;0;1;0;1;1
200285;0;1;1;1;0;1;0;1;1
90572;0;1;1;1;0;1;0;1;1
27565;0;1;1;1;0;1;0;1;1
228371;0;1;1;1;0;1;0;1;1
166925;0;1;1;1;0;1;0;1;1
310868;0;1;1;1;0;1;0;1;1
13318;0;1;1;1;0;1;0;1;1
290904;0;1;1;1;0;1;0;1;1
71940;0;1;1;1;0;1;0;1;1
211449;0;1;1;1;0;1;0;1;1
368909;0;1;1;1;0;1;0;1;1
118126;0;1;1;1;0;1;0;1;1
188137;0;1;1;1;0;1;0;1;1
12355;0;1;1;1;0;1;0;1;1
232115;0;1;1;1;0;1;0;1;1
208176;0;1;1;1;0;1;0;1;1
362562;0;1;1;1;0;1;0;1;1
244500;0;1;1;1;0;1;0;1;1
18589;0;1;1;1;0;1;0;1;1
186937;0;1;1;1;0;1;0;1;1
14826;0;1;1;1;0;1;0;1;1
156728;0;1;1;1;0;1;0;1;1
444034;0;1;1;1;0;1;0;1;1
351101;0;1;1;1;0;1;0;1;1
349197;0;1;1;1;0;1;0;1;1
127881;0;1;1;1;0;1;0;1;1
330074;0;1;1;1;0;1;0;1;1
38258;0;1;1;1;0;1;0;1;1
116776;0;1;1;1;0;1;0;1;1
42401;0;1;1;1;0;1;0;1;1
360925;0;1;1;1;0;1;0;1;1
417746;0;1;1;1;0;1;0;1;1
65612;0;1;1;1;0;1;0;1;1
251348;0;1;1;1;0;1;0;1;1
403020;0;1;1;1;0;1;0;1;1
381280;0;1;1;1;0;1;0;1;1
260040;0;1;1;1;0;1;0;1;1
10726;0;1;1;1;0;1;0;1;1
8077;0;1;1;1;0;1;0;1;1
175993;0;1;1;1;0;1;0;1;1
44164;0;1;1;1;0;1;0;1;1
207150;0;1;1;1;0;1;0;1;1
416761;0;1;1;1;0;1;0;1;1
270126;0;1;1;1;0;1;0;1;1
399124;0;1;1;1;0;1;0;1;1
234301;0;1;1;1;0;1;0;1;1
208462;0;1;1;1;0;1;0;1;1
211506;0;1;1;1;0;1;0;1;1
44611;0;1;1;1;0;1;0;1;1
462532;0;1;1;1;0;1;0;1;1
470668;0;1;1;1;0;1;0;1;1
83251;0;1;1;1;0;1;0;1;1
437691;0;1;1;1;0;1;0;1;1
348875;0;1;1;1;0;1;0;1;1
428134;0;1;1;1;0;1;0;1;1
189527;0;1;1;1;0;1;0;1;1
397317;0;1;1;1;0;1;0;1;1
26848;0;1;1;1;0;1;0;1;1
350313;0;1;1;1;0;1;0;1;1
362243;0;1;1;1;0;1;0;1;1
382795;0;1;1;1;0;1;0;1;1
375721;0;1;1;1;0;1;0;1;1
342444;0;1;1;1;0;1;0;1;1
275458;0;1;1;1;0;1;0;1;1
446027;0;1;1;1;0;1;0;1;1
450442;0;1;1;1;0;1;0;1;1
443952;0;1;1;1;0;1;0;1;1
111683;0;1;1;1;0;1;0;1;1
142503;0;1;1;1;0;1;0;1;1
226636;0;1;1;1;0;1;0;1;1
171632;0;1;1;1;0;1;0;1;1
197558;0;1;1;1;0;1;0;1;1
247714;0;1;1;1;0;1;0;1;1
382415;0;1;1;1;0;1;0;1;1
242317;0;1;1;1;0;1;0;1;1
385839;0;1;1;1;0;1;0;1;1
128541;0;1;1;1;0;1;0;1;1
3924;0;1;1;1;0;1;0;1;1
316316;0;1;1;1;0;1;0;1;1
292256;0;1;1;1;0;1;0;1;1
190048;0;1;1;1;0;1;0;1;1
130608;0;1;1;1;0;1;0;1;1
459554;0;1;1;1;0;1;0;1;1
413212;0;1;1;1;0;1;0;1;1
94575;0;1;1;1;0;1;0;1;1
290328;0;1;1;1;0;1;0;1;1
428989;0;1;1;1;0;1;0;1;1
69979;0;1;1;1;0;1;0;1;1
177338;0;1;1;1;0;1;0;1;1
75654;0;1;1;1;0;1;0;1;1
96019;0;1;1;1;0;1;0;1;1
97021;0;1;1;1;0;1;0;1;1
223279;0;1;1;1;0;1;0;1;1
470595;0;1;1;1;0;1;0;1;1
97647;0;1;1;1;0;1;0;1;1
107794;0;1;1;1;0;1;0;1;1
252554;0;1;1;1;0;1;0;1;1
269413;0;1;1;1;0;1;0;1;1
427253;0;1;1;1;0;1;0;1;1
388935;0;1;1;1;0;1;0;1;1
329580;0;1;1;1;0;1;0;1;1
301164;0;1;1;1;0;1;0;1;1
430878;0;1;1;1;0;1;0;1;1
107328;0;1;1;1;0;1;0;1;1
218239;0;1;1;1;0;1;0;1;1
354001;0;1;1;1;0;1;0;1;1
446679;0;1;1;1;0;1;0;1;1
375079;0;1;1;1;0;1;0;1;1
55646;0;1;1;1;0;1;0;1;1
104334;0;1;1;1;0;1;0;1;1
471962;0;1;1;1;0;1;0;1;1
267648;0;1;1;1;0;1;0;1;1
129998;0;1;1;1;0;1;0;1;1
202790;0;1;1;1;0;1;0;1;1
463667;0;1;1;1;0;1;0;1;1
222278;0;1;1;1;0;1;0;1;1
280948;0;1;1;1;0;1;0;1;1
306650;0;1;1;1;0;1;0;1;1
5811;0;1;1;1;0;1;0;1;1
205565;0;1;1;1;0;1;0;1;1
162607;0;1;1;1;0;1;0;1;1
37515;0;1;1;1;0;1;0;1;1
290566;0;1;1;1;0;1;0;1;1
42417;0;1;1;1;0;1;0;1;1
441019;0;1;1;1;0;1;0;1;1
111364;0;1;1;1;0;1;0;1;1
300089;0;1;1;1;0;1;0;1;1
139235;0;1;1;1;0;1;0;1;1
332731;0;1;1;1;0;1;0;1;1
367266;0;1;1;1;0;1;0;1;1
369606;0;1;1;1;0;1;0;1;1
310659;0;1;1;1;0;1;0;1;1
220495;0;1;1;1;0;1;0;1;1
364424;0;1;1;1;0;1;0;1;1
193587;0;1;1;1;0;1;0;1;1
122767;0;1;1;1;0;1;0;1;1
333771;0;1;1;1;0;1;0;1;1
313926;0;1;1;1;0;1;0;1;1
151913;0;1;1;1;0;1;0;1;1
414707;0;1;1;1;0;1;0;1;1
36613;0;1;1;1;0;1;0;1;1
73718;0;1;1;1;0;1;0;1;1
118316;0;1;1;1;0;1;0;1;1
344399;0;1;1;1;0;1;0;1;1
105536;0;1;1;1;0;1;0;1;1
66642;0;1;1;1;0;1;0;1;1
451635;0;1;1;1;0;1;0;1;1
301244;0;1;1;1;0;1;0;1;1
379621;0;1;1;1;0;1;0;1;1
20900;0;1;1;1;0;1;0;1;1
417759;0;1;1;1;0;1;0;1;1
463110;0;1;1;1;0;1;0;1;1
175697;0;1;1;1;0;1;0;1;1
409504;0;1;1;1;0;1;0;1;1
430305;0;1;1;1;0;1;0;1;1
291092;0;1;1;1;0;1;0;1;1
452833;0;1;1;1;0;1;0;1;1
469066;0;1;1;1;0;1;0;1;1
8297;0;1;1;1;0;1;0;1;1
152846;0;1;1;1;0;1;0;1;1
438826;0;1;1;1;0;1;0;1;1
177777;0;1;1;1;0;1;0;1;1
127611;0;1;1;1;0;1;0;1;1
369805;0;1;1;1;0;1;0;1;1
4316;0;1;1;1;0;1;0;1;1
58139;0;1;1;1;0;1;0;1;1
52166;0;1;1;1;0;1;0;1;1
319473;0;1;1;1;0;1;0;1;1
263621;0;1;1;1;0;1;0;1;1
13291;0;1;1;1;0;1;0;1;1
363189;0;1;1;1;0;1;0;1;1
318249;0;1;1;1;0;1;0;1;1
29576;0;1;1;1;0;1;0;1;1
83867;0;1;1;1;0;1;0;1;1
383454;0;1;1;1;0;1;0;1;1
140821;0;1;1;1;0;1;0;1;1
229000;0;1;1;1;0;1;0;1;1
444943;0;1;1;1;0;1;0;1;1
427369;0;1;1;1;0;1;0;1;1
139211;0;1;1;1;0;1;0;1;1
224950;0;1;1;1;0;1;0;1;1
19239;0;1;1;1;0;1;0;1;1
467347;0;1;1;1;0;1;0;1;1
224598;0;1;1;1;0;1;0;1;1
9544;0;1;1;1;0;1;0;1;1
396828;0;1;1;1;0;1;0;1;1
99024;0;1;1;1;0;1;0;1;1
328597;0;1;1;1;0;1;0;1;1
88044;0;1;1;1;0;1;0;1;1
355365;0;1;1;1;0;1;0;1;1
281234;0;1;1;1;0;1;0;1;1
215666;0;1;1;1;0;1;0;1;1
40624;0;1;1;1;0;1;0;1;1
28638;0;1;1;1;0;1;0;1;1
413086;0;1;1;1;0;1;0;1;1
268134;0;1;1;1;0;1;0;1;1
370404;0;1;1;1;0;1;0;1;1
64515;0;1;1;1;0;1;0;1;1
870;0;1;1;1;0;1;0;1;1
239140;0;1;1;1;0;1;0;1;1
242181;0;1;1;1;0;1;0;1;1
39373;0;1;1;1;0;1;0;1;1
259371;0;1;1;1;0;1;0;1;1
315565;0;1;1;1;0;1;0;1;1
172335;0;1;1;1;0;1;0;1;1
192112;0;1;1;1;0;1;0;1;1
193827;0;1;1;1;0;1;0;1;1
108245;0;1;1;1;0;1;0;1;1
103968;0;1;1;1;0;1;0;1;1
68382;0;1;1;1;0;1;0;1;1
251344;0;1;1;1;0;1;0;1;1
287513;0;1;1;1;0;1;0;1;1
263253;0;1;1;1;0;1;0;1;1
211360;0;1;1;1;0;1;0;1;1
176824;0;1;1;1;0;1;0;1;1
24261;0;1;1;1;0;1;0;1;1
301613;0;1;1;1;0;1;0;1;1
55203;0;1;1;1;0;1;0;1;1
280669;0;1;1;1;0;1;0;1;1
118953;0;1;1;1;0;1;0;1;1
86531;0;1;1;1;0;1;0;1;1
242108;0;1;1;1;0;1;0;1;1
69176;0;1;1;1;0;1;0;1;1
322159;0;1;1;1;0;1;0;1;1
132029;0;1;1;1;0;1;0;1;1
104785;0;1;1;1;0;1;0;1;1
202153;0;1;1;1;0;1;0;1;1
250031;0;1;1;1;0;1;0;1;1
350657;0;1;1;1;0;1;0;1;1
269762;0;1;1;1;0;1;0;1;1
93511;0;1;1;1;0;1;0;1;1
53464;0;1;1;1;0;1;0;1;1
90076;0;1;1;1;0;1;0;1;1
43787;0;1;1;1;0;1;0;1;1
422286;0;1;1;1;0;1;0;1;1
228593;0;1;1;1;0;1;0;1;1
116830;0;1;1;1;0;1;0;1;1
289281;0;1;1;1;0;1;0;1;1
456770;0;1;1;1;0;1;0;1;1
44056;0;1;1;1;0;1;0;1;1
128542;0;1;1;1;0;1;0;1;1
373344;0;1;1;1;0;1;0;1;1
97266;0;1;1;1;0;1;0;1;1
412022;0;1;1;1;0;1;0;1;1
218866;0;1;1;1;0;1;0;1;1
291937;0;1;1;1;0;1;0;1;1
39500;0;1;1;1;0;1;0;1;1
27450;0;1;1;1;0;1;0;1;1
343632;0;1;1;1;0;1;0;1;1
222818;0;1;1;1;0;1;0;1;1
297573;0;1;1;1;0;1;0;1;1
189693;0;1;1;1;0;1;0;1;1
86741;0;1;1;1;0;1;0;1;1
257527;0;1;1;1;0;1;0;1;1
377423;0;1;1;1;0;1;0;1;1
71338;0;1;1;1;0;1;0;1;1
84678;0;1;1;1;0;1;0;1;1
327422;0;1;1;1;0;1;0;1;1
208396;0;1;1;1;0;1;0;1;1
31599;0;1;1;1;0;1;0;1;1
317922;0;1;1;1;0;1;0;1;1
144548;0;1;1;1;0;1;0;1;1
309618;0;1;1;1;0;1;0;1;1
361108;0;1;1;1;0;1;0;1;1
169148;0;1;1;1;0;1;0;1;1
415298;0;1;1;1;0;1;0;1;1
365498;0;1;1;1;0;1;0;1;1
363299;0;1;1;1;0;1;0;1;1
320893;0;1;1;1;0;1;0;1;1
162376;0;1;1;1;0;1;0;1;1
250472;0;1;1;1;0;1;0;1;1
309660;0;1;1;1;0;1;0;1;1
219759;0;1;1;1;0;1;0;1;1
158321;0;1;1;1;0;1;0;1;1
204690;0;1;1;1;0;1;0;1;1
9224;0;1;1;1;0;1;0;1;1
120615;0;1;1;1;0;1;0;1;1
227805;0;1;1;1;0;1;0;1;1
268014;0;1;1;1;0;1;0;1;1
430873;0;1;1;1;0;1;0;1;1
170097;0;1;1;1;0;1;0;1;1
180231;0;1;1;1;0;1;0;1;1
51074;0;1;1;1;0;1;0;1;1
403719;0;1;1;1;0;1;0;1;1
303337;0;1;1;1;0;1;0;1;1
385106;0;1;1;1;0;1;0;1;1
79815;0;1;1;1;0;1;0;1;1
40052;0;1;1;1;0;1;0;1;1
446807;0;1;1;1;0;1;0;1;1
2225;0;1;1;1;0;1;0;1;1
450845;0;1;1;1;0;1;0;1;1
462208;0;1;1;1;0;1;0;1;1
84245;0;1;1;1;0;1;0;1;1
423942;0;1;1;1;0;1;0;1;1
291085;0;1;1;1;0;1;0;1;1
150625;0;1;1;1;0;1;0;1;1
102892;0;1;1;1;0;1;0;1;1
107659;0;1;1;1;0;1;0;1;1
226880;0;1;1;1;0;1;0;1;1
376919;0;1;1;1;0;1;0;1;1
15593;0;1;1;1;0;1;0;1;1
453622;0;1;1;1;0;1;0;1;1
344243;0;1;1;1;0;1;0;1;1
432506;0;1;1;1;0;1;0;1;1
131397;0;1;1;1;0;1;0;1;1
92496;0;1;1;1;0;1;0;1;1
210309;0;1;1;1;0;1;0;1;1
324520;0;1;1;1;0;1;0;1;1
309048;0;1;1;1;0;1;0;1;1
206133;0;1;1;1;0;1;0;1;1
167303;0;1;1;1;0;1;0;1;1
76484;0;1;1;1;0;1;0;1;1
412448;0;1;1;1;0;1;0;1;1
162794;0;1;1;1;0;1;0;1;1
117433;0;1;1;1;0;1;0;1;1
157472;0;1;1;1;0;1;0;1;1
124520;0;1;1;1;0;1;0;1;1
190658;0;1;1;1;0;1;0;1;1
411667;0;1;1;1;0;1;0;1;1
397022;0;1;1;1;0;1;0;1;1
151533;0;1;1;1;0;1;0;1;1
46664;0;1;1;1;0;1;0;1;1
438929;0;1;1;1;0;1;0;1;1
54955;0;1;1;1;0;1;0;1;1
283456;0;1;1;1;0;1;0;1;1
314764;0;1;1;1;0;1;0;1;1
305030;0;1;1;1;0;1;0;1;1
445956;0;1;1;1;0;1;0;1;1
456735;0;1;1;1;0;1;0;1;1
195684;0;1;1;1;0;1;0;1;1
368360;0;1;1;1;0;1;0;1;1
174831;0;1;1;1;0;1;0;1;1
201941;0;1;1;1;0;1;0;1;1
350138;0;1;1;1;0;1;0;1;1
343643;0;1;1;1;0;1;0;1;1
160989;0;1;1;1;0;1;0;1;1
248234;0;1;1;1;0;1;0;1;1
237790;0;1;1;1;0;1;0;1;1
382874;0;1;1;1;0;1;0;1;1
239534;0;1;1;1;0;1;0;1;1
462307;0;1;1;1;0;1;0;1;1
242827;0;1;1;1;0;1;0;1;1
169235;0;1;1;1;0;1;0;1;1
209268;0;1;1;1;0;1;0;1;1
118830;0;1;1;1;0;1;0;1;1
380616;0;1;1;1;0;1;0;1;1
352599;0;1;1;1;0;1;0;1;1
213844;0;1;1;1;0;1;0;1;1
379560;0;1;1;1;0;1;0;1;1
379677;0;1;1;1;0;1;0;1;1
123125;0;1;1;1;0;1;0;1;1
234852;0;1;1;1;0;1;0;1;1
396582;0;1;1;1;0;1;0;1;1
28308;0;1;1;1;0;1;0;1;1
433825;0;1;1;1;0;1;0;1;1
172056;0;1;1;1;0;1;0;1;1
113537;0;1;1;1;0;1;0;1;1
272924;0;1;1;1;0;1;0;1;1
310718;0;1;1;1;0;1;0;1;1
137412;0;1;1;1;0;1;0;1;1
117773;0;1;1;1;0;1;0;1;1
386957;0;1;1;1;0;1;0;1;1
344094;0;1;1;1;0;1;0;1;1
165453;0;1;1;1;0;1;0;1;1
423197;0;1;1;1;0;1;0;1;1
439735;0;1;1;1;0;1;0;1;1
138559;0;1;1;1;0;1;0;1;1
177214;0;1;1;1;0;1;0;1;1
38475;0;1;1;1;0;1;0;1;1
45366;0;1;1;1;0;1;0;1;1
447436;0;1;1;1;0;1;0;1;1
8867;0;1;1;1;0;1;0;1;1
440234;0;1;1;1;0;1;0;1;1
436449;0;1;1;1;0;1;0;1;1
407112;0;1;1;1;0;1;0;1;1
72444;0;1;1;1;0;1;0;1;1
228670;0;1;1;1;0;1;0;1;1
210573;0;1;1;1;0;1;0;1;1
299090;0;1;1;1;0;1;0;1;1
129292;0;1;1;1;0;1;0;1;1
45019;0;1;1;1;0;1;0;1;1
293057;0;1;1;1;0;1;0;1;1
96553;0;1;1;1;0;1;0;1;1
349804;0;1;1;1;0;1;0;1;1
406339;0;1;1;1;0;1;0;1;1
426380;0;1;1;1;0;1;0;1;1
464902;0;1;1;1;0;1;0;1;1
406917;0;1;1;1;0;1;0;1;1
166119;0;1;1;1;0;1;0;1;1
346723;0;1;1;1;0;1;0;1;1
85852;0;1;1;1;0;1;0;1;1
11228;0;1;1;1;0;1;0;1;1
190886;0;1;1;1;0;1;0;1;1
9298;0;1;1;1;0;1;0;1;1
286800;0;1;1;1;0;1;0;1;1
116004;0;1;1;1;0;1;0;1;1
219728;0;1;1;1;0;1;0;1;1
246400;0;1;1;1;0;1;0;1;1
52928;0;1;1;1;0;1;0;1;1
148141;0;1;1;1;0;1;0;1;1
311728;0;1;1;1;0;1;0;1;1
278854;0;1;1;1;0;1;0;1;1
278942;0;1;1;1;0;1;0;1;1
353286;0;1;1;1;0;1;0;1;1
39722;0;1;1;1;0;1;0;1;1
55574;0;1;1;1;0;1;0;1;1
131676;0;1;1;1;0;1;0;1;1
96337;0;1;1;1;0;1;0;1;1
48723;0;1;1;1;0;1;0;1;1
344744;0;1;1;1;0;1;0;1;1
99967;0;1;1;1;0;1;0;1;1
255670;0;1;1;1;0;1;0;1;1
305946;0;1;1;1;0;1;0;1;1
198926;0;1;1;1;0;1;0;1;1
143464;0;1;1;1;0;1;0;1;1
16442;0;1;1;1;0;1;0;1;1
354814;0;1;1;1;0;1;0;1;1
115677;0;1;1;1;0;1;0;1;1
372592;0;1;1;1;0;1;0;1;1
442328;0;1;1;1;0;1;0;1;1
29951;0;1;1;1;0;1;0;1;1
265414;0;1;1;1;0;1;0;1;1
397885;0;1;1;1;0;1;0;1;1
54557;0;1;1;1;0;1;0;1;1
192965;0;1;1;1;0;1;0;1;1
328013;0;1;1;1;0;1;0;1;1
259717;0;1;1;1;0;1;0;1;1
195539;0;1;1;1;0;1;0;1;1
470276;0;1;1;1;0;1;0;1;1
304609;0;1;1;1;0;1;0;1;1
176320;0;1;1;1;0;1;0;1;1
341435;0;1;1;1;0;1;0;1;1
356;0;1;1;1;0;1;0;1;1
261552;0;1;1;1;0;1;0;1;1
180051;0;1;1;1;0;1;0;1;1
413039;0;1;1;1;0;1;0;1;1
408760;0;1;1;1;0;1;0;1;1
281956;0;1;1;1;0;1;0;1;1
159513;0;1;1;1;0;1;0;1;1
346870;0;1;1;1;0;1;0;1;1
155876;0;1;1;1;0;1;0;1;1
256503;0;1;1;1;0;1;0;1;1
205488;0;1;1;1;0;1;0;1;1
61875;0;1;1;1;0;1;0;1;1
88594;0;1;1;1;0;1;0;1;1
51960;0;1;1;1;0;1;0;1;1
185483;0;1;1;1;0;1;0;1;1
256323;0;1;1;1;0;1;0;1;1
462492;0;1;1;1;0;1;0;1;1
367819;0;1;1;1;0;1;0;1;1
367838;0;1;1;1;0;1;0;1;1
344785;0;1;1;1;0;1;0;1;1
116683;0;1;1;1;0;1;0;1;1
161267;0;1;1;1;0;1;0;1;1
44297;0;1;1;1;0;1;0;1;1
460012;0;1;1;1;0;1;0;1;1
190720;0;1;1;1;0;1;0;1;1
149945;0;1;1;1;0;1;0;1;1
361770;0;1;1;1;0;1;0;1;1
113992;0;1;1;1;0;1;0;1;1
327;0;1;1;1;0;1;0;1;1
450123;0;1;1;1;0;1;0;1;1
171221;0;1;1;1;0;1;0;1;1
466936;0;1;1;1;0;1;0;1;1
17715;0;1;1;1;0;1;0;1;1
470096;0;1;1;1;0;1;0;1;1
293667;0;1;1;1;0;1;0;1;1
279358;0;1;1;1;0;1;0;1;1
422416;0;1;1;1;0;1;0;1;1
360784;0;1;1;1;0;1;0;1;1
8840;0;1;1;1;0;1;0;1;1
78890;0;1;1;1;0;1;0;1;1
202826;0;1;1;1;0;1;0;1;1
27741;0;1;1;1;0;1;0;1;1
113495;0;1;1;1;0;1;0;1;1
120478;0;1;1;1;0;1;0;1;1
116648;0;1;1;1;0;1;0;1;1
412142;0;1;1;1;0;1;0;1;1
134246;0;1;1;1;0;1;0;1;1
342482;0;1;1;1;0;1;0;1;1
170769;0;1;1;1;0;1;0;1;1
404923;0;1;1;1;0;1;0;1;1
29118;0;1;1;1;0;1;0;1;1
343581;0;1;1;1;0;1;0;1;1
14588;0;1;1;1;0;1;0;1;1
207988;0;1;1;1;0;1;0;1;1
385579;0;1;1;1;0;1;0;1;1
426886;0;1;1;1;0;1;0;1;1
427846;0;1;1;1;0;1;0;1;1
29865;0;1;1;1;0;1;0;1;1
437124;0;1;1;1;0;1;0;1;1
84716;0;1;1;1;0;1;0;1;1
446692;0;1;1;1;0;1;0;1;1
131639;0;1;1;1;0;1;0;1;1
237581;0;1;1;1;0;1;0;1;1
193312;0;1;1;1;0;1;0;1;1
222837;0;1;1;1;0;1;0;1;1
388830;0;1;1;1;0;1;0;1;1
360333;0;1;1;1;0;1;0;1;1
14672;0;1;1;1;0;1;0;1;1
281102;0;1;1;1;0;1;0;1;1
202438;0;1;1;1;0;1;0;1;1
234554;0;1;1;1;0;1;0;1;1
162293;0;1;1;1;0;1;0;1;1
334741;0;1;1;1;0;1;0;1;1
104912;0;1;1;1;0;1;0;1;1
73675;0;1;1;1;0;1;0;1;1
436025;0;1;1;1;0;1;0;1;1
135385;0;1;1;1;0;1;0;1;1
208942;0;1;1;1;0;1;0;1;1
360886;0;1;1;1;0;1;0;1;1
169873;0;1;1;1;0;1;0;1;1
319090;0;1;1;1;0;1;0;1;1
171666;0;1;1;1;0;1;0;1;1
47360;0;1;1;1;0;1;0;1;1
123460;0;1;1;1;0;1;0;1;1
131184;0;1;1;1;0;1;0;1;1
226838;0;1;1;1;0;1;0;1;1
128524;0;1;1;1;0;1;0;1;1
199533;0;1;1;1;0;1;0;1;1
252739;0;1;1;1;0;1;0;1;1
112019;0;1;1;1;0;1;0;1;1
14569;0;1;1;1;0;1;0;1;1
116848;0;1;1;1;0;1;0;1;1
188329;0;1;1;1;0;1;0;1;1
95583;0;1;1;1;0;1;0;1;1
258787;0;1;1;1;0;1;0;1;1
295394;0;1;1;1;0;1;0;1;1
277026;0;1;1;1;0;1;0;1;1
93098;0;1;1;1;0;1;0;1;1
253522;0;1;1;1;0;1;0;1;1
267147;0;1;1;1;0;1;0;1;1
160375;0;1;1;1;0;1;0;1;1
468019;0;1;1;1;0;1;0;1;1
137832;0;1;1;1;0;1;0;1;1
148286;0;1;1;1;0;1;0;1;1
313319;0;1;1;1;0;1;0;1;1
219018;0;1;1;1;0;1;0;1;1
40610;0;1;1;1;0;1;0;1;1
170351;0;1;1;1;0;1;0;1;1
183488;0;1;1;1;0;1;0;1;1
136908;0;1;1;1;0;1;0;1;1
439164;0;1;1;1;0;1;0;1;1
386289;0;1;1;1;0;1;0;1;1
461341;0;1;1;1;0;1;0;1;1
101218;0;1;1;1;0;1;0;1;1
196237;0;1;1;1;0;1;0;1;1
372306;0;1;1;1;0;1;0;1;1
326397;0;1;1;1;0;1;0;1;1
340470;0;1;1;1;0;1;0;1;1
52307;0;1;1;1;0;1;0;1;1
457809;0;1;1;1;0;1;0;1;1
54657;0;1;1;1;0;1;0;1;1
278157;0;1;1;1;0;1;0;1;1
1884;0;1;1;1;0;1;0;1;1
138938;0;1;1;1;0;1;0;1;1
156634;0;1;1;1;0;1;0;1;1
61353;0;1;1;1;0;1;0;1;1
429573;0;1;1;1;0;1;0;1;1
51284;0;1;1;1;0;1;0;1;1
345037;0;1;1;1;0;1;0;1;1
384960;0;1;1;1;0;1;0;1;1
287782;0;1;1;1;0;1;0;1;1
101791;0;1;1;1;0;1;0;1;1
135844;0;1;1;1;0;1;0;1;1
404915;0;1;1;1;0;1;0;1;1
308920;0;1;1;1;0;1;0;1;1
352520;0;1;1;1;0;1;0;1;1
35828;0;1;1;1;0;1;0;1;1
419749;0;1;1;1;0;1;0;1;1
113302;0;1;1;1;0;1;0;1;1
264770;0;1;1;1;0;1;0;1;1
16694;0;1;1;1;0;1;0;1;1
370130;0;1;1;1;0;1;0;1;1
314381;0;1;1;1;0;1;0;1;1
6150;0;1;1;1;0;1;0;1;1
308338;0;1;1;1;0;1;0;1;1
277457;0;1;1;1;0;1;0;1;1
383281;0;1;1;1;0;1;0;1;1
72464;0;1;1;1;0;1;0;1;1
25679;0;1;1;1;0;1;0;1;1
119644;0;1;1;1;0;1;0;1;1
210551;0;1;1;1;0;1;0;1;1
237069;0;1;1;1;0;1;0;1;1
64261;0;1;1;1;0;1;0;1;1
56887;0;1;1;1;0;1;0;1;1
370580;0;1;1;1;0;1;0;1;1
172301;0;1;1;1;0;1;0;1;1
122871;0;1;1;1;0;1;0;1;1
462911;0;1;1;1;0;1;0;1;1
442542;0;1;1;1;0;1;0;1;1
71556;0;1;1;1;0;1;0;1;1
249409;0;1;1;1;0;1;0;1;1
27528;0;1;1;1;0;1;0;1;1
461901;0;1;1;1;0;1;0;1;1
328087;0;1;1;1;0;1;0;1;1
356981;0;1;1;1;0;1;0;1;1
99421;0;1;1;1;0;1;0;1;1
216091;0;1;1;1;0;1;0;1;1
26434;0;1;1;1;0;1;0;1;1
248666;0;1;1;1;0;1;0;1;1
450774;0;1;1;1;0;1;0;1;1
270849;0;1;1;1;0;1;0;1;1
264647;0;1;1;1;0;1;0;1;1
195625;0;1;1;1;0;1;0;1;1
282875;0;1;1;1;0;1;0;1;1
25156;0;1;1;1;0;1;0;1;1
10297;0;1;1;1;0;1;0;1;1
233526;0;1;1;1;0;1;0;1;1
403317;0;1;1;1;0;1;0;1;1
21884;0;1;1;1;0;1;0;1;1
165525;0;1;1;1;0;1;0;1;1
178285;0;1;1;1;0;1;0;1;1
131200;0;1;1;1;0;1;0;1;1
63013;0;1;1;1;0;1;0;1;1
243541;0;1;1;1;0;1;0;1;1
437045;0;1;1;1;0;1;0;1;1
8487;0;1;1;1;0;1;0;1;1
135731;0;1;1;1;0;1;0;1;1
232652;0;1;1;1;0;1;0;1;1
81991;0;1;1;1;0;1;0;1;1
5089;0;1;1;1;0;1;0;1;1
450615;0;1;1;1;0;1;0;1;1
310057;0;1;1;1;0;1;0;1;1
364755;0;1;1;1;0;1;0;1;1
126921;0;1;1;1;0;1;0;1;1
316699;0;1;1;1;0;1;0;1;1
180612;0;1;1;1;0;1;0;1;1
183954;0;1;1;1;0;1;0;1;1
99181;0;1;1;1;0;1;0;1;1
71481;0;1;1;1;0;1;0;1;1
370800;0;1;1;1;0;1;0;1;1
205433;0;1;1;1;0;1;0;1;1
330071;0;1;1;1;0;1;0;1;1
121073;0;1;1;1;0;1;0;1;1
255476;0;1;1;1;0;1;0;1;1
161465;0;1;1;1;0;1;0;1;1
4007;0;1;1;1;0;1;0;1;1
410466;0;1;1;1;0;1;0;1;1
315469;0;1;1;1;0;1;0;1;1
195342;0;1;1;1;0;1;0;1;1
214679;0;1;1;1;0;1;0;1;1
287223;0;1;1;1;0;1;0;1;1
78645;0;1;1;1;0;1;0;1;1
86644;0;1;1;1;0;1;0;1;1
80357;0;1;1;1;0;1;0;1;1
109480;0;1;1;1;0;1;0;1;1
274014;0;1;1;1;0;1;0;1;1
117281;0;1;1;1;0;1;0;1;1
230833;0;1;1;1;0;1;0;1;1
396405;0;1;1;1;0;1;0;1;1
151041;0;1;1;1;0;1;0;1;1
265654;0;1;1;1;0;1;0;1;1
361267;0;1;1;1;0;1;0;1;1
181058;0;1;1;1;0;1;0;1;1
433474;0;1;1;1;0;1;0;1;1
300374;0;1;1;1;0;1;0;1;1
419719;0;1;1;1;0;1;0;1;1
424715;0;1;1;1;0;1;0;1;1
116243;0;1;1;1;0;1;0;1;1
4891;0;1;1;1;0;1;0;1;1
266806;0;1;1;1;0;1;0;1;1
217321;0;1;1;1;0;1;0;1;1
217832;0;1;1;1;0;1;0;1;1
350903;0;1;1;1;0;1;0;1;1
91718;0;1;1;1;0;1;0;1;1
24277;0;1;1;1;0;1;0;1;1
183130;0;1;1;1;0;1;0;1;1
379290;0;1;1;1;0;1;0;1;1
88916;0;1;1;1;0;1;0;1;1
128060;0;1;1;1;0;1;0;1;1
111922;0;1;1;1;0;1;0;1;1
430706;0;1;1;1;0;1;0;1;1
104365;0;1;1;1;0;1;0;1;1
331852;0;1;1;1;0;1;0;1;1
31653;0;1;1;1;0;1;0;1;1
331766;0;1;1;1;0;1;0;1;1
224930;0;1;1;1;0;1;0;1;1
219836;0;1;1;1;0;1;0;1;1
421785;0;1;1;1;0;1;0;1;1
444573;0;1;1;1;0;1;0;1;1
336914;0;1;1;1;0;1;0;1;1
449504;0;1;1;1;0;1;0;1;1
187768;0;1;1;1;0;1;0;1;1
463686;0;1;1;1;0;1;0;1;1
37137;0;1;1;1;0;1;0;1;1
459273;0;1;1;1;0;1;0;1;1
367302;0;1;1;1;0;1;0;1;1
110389;0;1;1;1;0;1;0;1;1
190879;0;1;1;1;0;1;0;1;1
554;0;1;1;1;0;1;0;1;1
234866;0;1;1;1;0;1;0;1;1
442353;0;1;1;1;0;1;0;1;1
361098;0;1;1;1;0;1;0;1;1
446502;0;1;1;1;0;1;0;1;1
178570;0;1;1;1;0;1;0;1;1
269998;0;1;1;1;0;1;0;1;1
375453;0;1;1;1;0;1;0;1;1
63790;0;1;1;1;0;1;0;1;1
376171;0;1;1;1;0;1;0;1;1
68812;0;1;1;1;0;1;0;1;1
280416;0;1;1;1;0;1;0;1;1
165060;0;1;1;1;0;1;0;1;1
231007;0;1;1;1;0;1;0;1;1
207040;0;1;1;1;0;1;0;1;1
323532;0;1;1;1;0;1;0;1;1
346431;0;1;1;1;0;1;0;1;1
421736;0;1;1;1;0;1;0;1;1
427062;0;1;1;1;0;1;0;1;1
352825;0;1;1;1;0;1;0;1;1
110204;0;1;1;1;0;1;0;1;1
98345;0;1;1;1;0;1;0;1;1
375827;0;1;1;1;0;1;0;1;1
325120;0;1;1;1;0;1;0;1;1
391738;0;1;1;1;0;1;0;1;1
150611;0;1;1;1;0;1;0;1;1
350218;0;1;1;1;0;1;0;1;1
423418;0;1;1;1;0;1;0;1;1
70737;0;1;1;1;0;1;0;1;1
1948;0;1;1;1;0;1;0;1;1
415136;0;1;1;1;0;1;0;1;1
441239;0;1;1;1;0;1;0;1;1
278630;0;1;1;1;0;1;0;1;1
338282;0;1;1;1;0;1;0;1;1
258129;0;1;1;1;0;1;0;1;1
263676;0;1;1;1;0;1;0;1;1
426082;0;1;1;1;0;1;0;1;1
203906;0;1;1;1;0;1;0;1;1
349488;0;1;1;1;0;1;0;1;1
133521;0;1;1;1;0;1;0;1;1
439991;0;1;1;1;0;1;0;1;1
149476;0;1;1;1;0;1;0;1;1
17992;0;1;1;1;0;1;0;1;1
468665;0;1;1;1;0;1;0;1;1
253977;0;1;1;1;0;1;0;1;1
290879;0;1;1;1;0;1;0;1;1
220195;0;1;1;1;0;1;0;1;1
467094;0;1;1;1;0;1;0;1;1
164817;0;1;1;1;0;1;0;1;1
74707;0;1;1;1;0;1;0;1;1
457078;0;1;1;1;0;1;0;1;1
438990;0;1;1;1;0;1;0;1;1
281149;0;1;1;1;0;1;0;1;1
310070;0;1;1;1;0;1;0;1;1
200106;0;1;1;1;0;1;0;1;1
446771;0;1;1;1;0;1;0;1;1
305439;0;1;1;1;0;1;0;1;1
67819;0;1;1;1;0;1;0;1;1
460946;0;1;1;1;0;1;0;1;1
321136;0;1;1;1;0;1;0;1;1
395219;0;1;1;1;0;1;0;1;1
132538;0;1;1;1;0;1;0;1;1
156047;0;1;1;1;0;1;0;1;1
235949;0;1;1;1;0;1;0;1;1
226288;0;1;1;1;0;1;0;1;1
146136;0;1;1;1;0;1;0;1;1
141848;0;1;1;1;0;1;0;1;1
339237;0;1;1;1;0;1;0;1;1
305557;0;1;1;1;0;1;0;1;1
286393;0;1;1;1;0;1;0;1;1
301503;0;1;1;1;0;1;0;1;1
407653;0;1;1;1;0;1;0;1;1
427615;0;1;1;1;0;1;0;1;1
350124;0;1;1;1;0;1;0;1;1
220983;0;1;1;1;0;1;0;1;1
230984;0;1;1;1;0;1;0;1;1
268423;0;1;1;1;0;1;0;1;1
379155;0;1;1;1;0;1;0;1;1
436930;0;1;1;1;0;1;0;1;1
183319;0;1;1;1;0;1;0;1;1
371830;0;1;1;1;0;1;0;1;1
58181;0;1;1;1;0;1;0;1;1
311174;0;1;1;1;0;1;0;1;1
211853;0;1;1;1;0;1;0;1;1
99871;0;1;1;1;0;1;0;1;1
401932;0;1;1;1;0;1;0;1;1
32585;0;1;1;1;0;1;0;1;1
379754;0;1;1;1;0;1;0;1;1
230541;0;1;1;1;0;1;0;1;1
409369;0;1;1;1;0;1;0;1;1
374862;0;1;1;1;0;1;0;1;1
252869;0;1;1;1;0;1;0;1;1
178474;0;1;1;1;0;1;0;1;1
443949;0;1;1;1;0;1;0;1;1
117438;0;1;1;1;0;1;0;1;1
351405;0;1;1;1;0;1;0;1;1
86690;0;1;1;1;0;1;0;1;1
252773;0;1;1;1;0;1;0;1;1
332354;0;1;1;1;0;1;0;1;1
210024;0;1;1;1;0;1;0;1;1
358512;0;1;1;1;0;1;0;1;1
397895;0;1;1;1;0;1;0;1;1
10630;0;1;1;1;0;1;0;1;1
236310;0;1;1;1;0;1;0;1;1
21177;0;1;1;1;0;1;0;1;1
343838;0;1;1;1;0;1;0;1;1
72653;0;1;1;1;0;1;0;1;1
183211;0;1;1;1;0;1;0;1;1
10608;0;1;1;1;0;1;0;1;1
236374;0;1;1;1;0;1;0;1;1
269376;0;1;1;1;0;1;0;1;1
453095;0;1;1;1;0;1;0;1;1
179924;0;1;1;1;0;1;0;1;1
89877;0;1;1;1;0;1;0;1;1
25781;0;1;1;1;0;1;0;1;1
209333;0;1;1;1;0;1;0;1;1
211464;0;1;1;1;0;1;0;1;1
228158;0;1;1;1;0;1;0;1;1
152576;0;1;1;1;0;1;0;1;1
189041;0;1;1;1;0;1;0;1;1
147802;0;1;1;1;0;1;0;1;1
266638;0;1;1;1;0;1;0;1;1
3313;0;1;1;1;0;1;0;1;1
119269;0;1;1;1;0;1;0;1;1
142807;0;1;1;1;0;1;0;1;1
257165;0;1;1;1;0;1;0;1;1
78454;0;1;1;1;0;1;0;1;1
408141;0;1;1;1;0;1;0;1;1
89731;0;1;1;1;0;1;0;1;1
242743;0;1;1;1;0;1;0;1;1
161404;0;1;1;1;0;1;0;1;1
183442;0;1;1;1;0;1;0;1;1
289077;0;1;1;1;0;1;0;1;1
153069;0;1;1;1;0;1;0;1;1
448024;0;1;1;1;0;1;0;1;1
329333;0;1;1;1;0;1;0;1;1
183829;0;1;1;1;0;1;0;1;1
439930;0;1;1;1;0;1;0;1;1
33076;0;1;1;1;0;1;0;1;1
4370;0;1;1;1;0;1;0;1;1
95076;0;1;1;1;0;1;0;1;1
28010;0;1;1;1;0;1;0;1;1
228338;0;1;1;1;0;1;0;1;1
23621;0;1;1;1;0;1;0;1;1
156747;0;1;1;1;0;1;0;1;1
41110;0;1;1;1;0;1;0;1;1
253935;0;1;1;1;0;1;0;1;1
56693;0;1;1;1;0;1;0;1;1
191527;0;1;1;1;0;1;0;1;1
435969;0;1;1;1;0;1;0;1;1
453554;0;1;1;1;0;1;0;1;1
32645;0;1;1;1;0;1;0;1;1
376432;0;1;1;1;0;1;0;1;1
104252;0;1;1;1;0;1;0;1;1
275009;0;1;1;1;0;1;0;1;1
432518;0;1;1;1;0;1;0;1;1
189520;0;1;1;1;0;1;0;1;1
267625;0;1;1;1;0;1;0;1;1
38551;0;1;1;1;0;1;0;1;1
16429;0;1;1;1;0;1;0;1;1
10622;0;1;1;1;0;1;0;1;1
364264;0;1;1;1;0;1;0;1;1
78725;0;1;1;1;0;1;0;1;1
287385;0;1;1;1;0;1;0;1;1
450182;0;1;1;1;0;1;0;1;1
60734;0;1;1;1;0;1;0;1;1
72048;0;1;1;1;0;1;0;1;1
114485;0;1;1;1;0;1;0;1;1
77038;0;1;1;1;0;1;0;1;1
293894;0;1;1;1;0;1;0;1;1
432319;0;1;1;1;0;1;0;1;1
459814;0;1;1;1;0;1;0;1;1
96853;0;1;1;1;0;1;0;1;1
24540;0;1;1;1;0;1;0;1;1
279542;0;1;1;1;0;1;0;1;1
291691;0;1;1;1;0;1;0;1;1
376932;0;1;1;1;0;1;0;1;1
99076;0;1;1;1;0;1;0;1;1
18443;0;1;1;1;0;1;0;1;1
219300;0;1;1;1;0;1;0;1;1
32104;0;1;1;1;0;1;0;1;1
253231;0;1;1;1;0;1;0;1;1
242833;0;1;1;1;0;1;0;1;1
309509;0;1;1;1;0;1;0;1;1
398073;0;1;1;1;0;1;0;1;1
93629;0;1;1;1;0;1;0;1;1
194843;0;1;1;1;0;1;0;1;1
246915;0;1;1;1;0;1;0;1;1
69560;0;1;1;1;0;1;0;1;1
1072;0;1;1;1;0;1;0;1;1
355971;0;1;1;1;0;1;0;1;1
241832;0;1;1;1;0;1;0;1;1
176583;0;1;1;1;0;1;0;1;1
270026;0;1;1;1;0;1;0;1;1
444087;0;1;1;1;0;1;0;1;1
356513;0;1;1;1;0;1;0;1;1
92419;0;1;1;1;0;1;0;1;1
5435;0;1;1;1;0;1;0;1;1
444350;0;1;1;1;0;1;0;1;1
293224;0;1;1;1;0;1;0;1;1
376639;0;1;1;1;0;1;0;1;1
363981;0;1;1;1;0;1;0;1;1
448698;0;1;1;1;0;1;0;1;1
28457;0;1;1;1;0;1;0;1;1
234117;0;1;1;1;0;1;0;1;1
23953;0;1;1;1;0;1;0;1;1
316285;0;1;1;1;0;1;0;1;1
324105;0;1;1;1;0;1;0;1;1
442127;0;1;1;1;0;1;0;1;1
426952;0;1;1;1;0;1;0;1;1
243329;0;1;1;1;0;1;0;1;1
454930;0;1;1;1;0;1;0;1;1
329927;0;1;1;1;0;1;0;1;1
222454;0;1;1;1;0;1;0;1;1
445551;0;1;1;1;0;1;0;1;1
284532;0;1;1;1;0;1;0;1;1
211494;0;1;1;1;0;1;0;1;1
170110;0;1;1;1;0;1;0;1;1
345444;0;1;1;1;0;1;0;1;1
160598;0;1;1;1;0;1;0;1;1
353896;0;1;1;1;0;1;0;1;1
392805;0;1;1;1;0;1;0;1;1
196619;0;1;1;1;0;1;0;1;1
159892;0;1;1;1;0;1;0;1;1
438825;0;1;1;1;0;1;0;1;1
306570;0;1;1;1;0;1;0;1;1
319056;0;1;1;1;0;1;0;1;1
175108;0;1;1;1;0;1;0;1;1
26492;0;1;1;1;0;1;0;1;1
406146;0;1;1;1;0;1;0;1;1
89832;0;1;1;1;0;1;0;1;1
101208;0;1;1;1;0;1;0;1;1
235941;0;1;1;1;0;1;0;1;1
323679;0;1;1;1;0;1;0;1;1
218216;0;1;1;1;0;1;0;1;1
101872;0;1;1;1;0;1;0;1;1
304225;0;1;1;1;0;1;0;1;1
99205;0;1;1;1;0;1;0;1;1
49198;0;1;1;1;0;1;0;1;1
389559;0;1;1;1;0;1;0;1;1
432461;0;1;1;1;0;1;0;1;1
353222;0;1;1;1;0;1;0;1;1
40187;0;1;1;1;0;1;0;1;1
380537;0;1;1;1;0;1;0;1;1
408828;0;1;1;1;0;1;0;1;1
282145;0;1;1;1;0;1;0;1;1
142855;0;1;1;1;0;1;0;1;1
30579;0;1;1;1;0;1;0;1;1
128680;0;1;1;1;0;1;0;1;1
127151;0;1;1;1;0;1;0;1;1
110180;0;1;1;1;0;1;0;1;1
41583;0;1;1;1;0;1;0;1;1
76004;0;1;1;1;0;1;0;1;1
385532;0;1;1;1;0;1;0;1;1
371864;0;1;1;1;0;1;0;1;1
423715;0;1;1;1;0;1;0;1;1
463246;0;1;1;1;0;1;0;1;1
286102;0;1;1;1;0;1;0;1;1
123271;0;1;1;1;0;1;0;1;1
45162;0;1;1;1;0;1;0;1;1
167032;0;1;1;1;0;1;0;1;1
299874;0;1;1;1;0;1;0;1;1
328833;0;1;1;1;0;1;0;1;1
411455;0;1;1;1;0;1;0;1;1
374314;0;1;1;1;0;1;0;1;1
408794;0;1;1;1;0;1;0;1;1
1413;0;1;1;1;0;1;0;1;1
54346;0;1;1;1;0;1;0;1;1
39350;0;1;1;1;0;1;0;1;1
216163;0;1;1;1;0;1;0;1;1
81413;0;1;1;1;0;1;0;1;1
237551;0;1;1;1;0;1;0;1;1
321604;0;1;1;1;0;1;0;1;1
440885;0;1;1;1;0;1;0;1;1
251940;0;1;1;1;0;1;0;1;1
194757;0;1;1;1;0;1;0;1;1
97186;0;1;1;1;0;1;0;1;1
98470;0;1;1;1;0;1;0;1;1
23904;0;1;1;1;0;1;0;1;1
259637;0;1;1;1;0;1;0;1;1
337802;0;1;1;1;0;1;0;1;1
426660;0;1;1;1;0;1;0;1;1
280210;0;1;1;1;0;1;0;1;1
140178;0;1;1;1;0;1;0;1;1
234480;0;1;1;1;0;1;0;1;1
91245;0;1;1;1;0;1;0;1;1
236607;0;1;1;1;0;1;0;1;1
422754;0;1;1;1;0;1;0;1;1
98526;0;1;1;1;0;1;0;1;1
6177;0;1;1;1;0;1;0;1;1
47467;0;1;1;1;0;1;0;1;1
145761;0;1;1;1;0;1;0;1;1
266586;0;1;1;1;0;1;0;1;1
296381;0;1;1;1;0;1;0;1;1
369771;0;1;1;1;0;1;0;1;1
272772;0;1;1;1;0;1;0;1;1
451763;0;1;1;1;0;1;0;1;1
245775;0;1;1;1;0;1;0;1;1
32520;0;1;1;1;0;1;0;1;1
196062;0;1;1;1;0;1;0;1;1
232337;0;1;1;1;0;1;0;1;1
347792;0;1;1;1;0;1;0;1;1
415755;0;1;1;1;0;1;0;1;1
66801;0;1;1;1;0;1;0;1;1
171114;0;1;1;1;0;1;0;1;1
320526;0;1;1;1;0;1;0;1;1
314001;0;1;1;1;0;1;0;1;1
237558;0;1;1;1;0;1;0;1;1
359844;0;1;1;1;0;1;0;1;1
20322;0;1;1;1;0;1;0;1;1
348338;0;1;1;1;0;1;0;1;1
351100;0;1;1;1;0;1;0;1;1
127164;0;1;1;1;0;1;0;1;1
17230;0;1;1;1;0;1;0;1;1
50134;0;1;1;1;0;1;0;1;1
391647;0;1;1;1;0;1;0;1;1
151750;0;1;1;1;0;1;0;1;1
63688;0;1;1;1;0;1;0;1;1
403629;0;1;1;1;0;1;0;1;1
264426;0;1;1;1;0;1;0;1;1
84183;0;1;1;1;0;1;0;1;1
134829;0;1;1;1;0;1;0;1;1
375768;0;1;1;1;0;1;0;1;1
2783;0;1;1;1;0;1;0;1;1
385776;0;1;1;1;0;1;0;1;1
397690;0;1;1;1;0;1;0;1;1
419558;0;1;1;1;0;1;0;1;1
120662;0;1;1;1;0;1;0;1;1
93858;0;1;1;1;0;1;0;1;1
16439;0;1;1;1;0;1;0;1;1
332306;0;1;1;1;0;1;0;1;1
417166;0;1;1;1;0;1;0;1;1
144606;0;1;1;1;0;1;0;1;1
299652;0;1;1;1;0;1;0;1;1
94586;0;1;1;1;0;1;0;1;1
98157;0;1;1;1;0;1;0;1;1
298536;0;1;1;1;0;1;0;1;1
43122;0;1;1;1;0;1;0;1;1
459595;0;1;1;1;0;1;0;1;1
17024;0;1;1;1;0;1;0;1;1
283852;0;1;1;1;0;1;0;1;1
165582;0;1;1;1;0;1;0;1;1
293740;0;1;1;1;0;1;0;1;1
27630;0;1;1;1;0;1;0;1;1
168705;0;1;1;1;0;1;0;1;1
369190;0;1;1;1;0;1;0;1;1
349068;0;1;1;1;0;1;0;1;1
110558;0;1;1;1;0;1;0;1;1
63959;0;1;1;1;0;1;0;1;1
255578;0;1;1;1;0;1;0;1;1
156098;0;1;1;1;0;1;0;1;1
143092;0;1;1;1;0;1;0;1;1
180308;0;1;1;1;0;1;0;1;1
269632;0;1;1;1;0;1;0;1;1
101614;0;1;1;1;0;1;0;1;1
5409;0;1;1;1;0;1;0;1;1
242052;0;1;1;1;0;1;0;1;1
261614;0;1;1;1;0;1;0;1;1
232909;0;1;1;1;0;1;0;1;1
314749;0;1;1;1;0;1;0;1;1
169182;0;1;1;1;0;1;0;1;1
150373;0;1;1;1;0;1;0;1;1
356447;0;1;1;1;0;1;0;1;1
385204;0;1;1;1;0;1;0;1;1
87133;0;1;1;1;0;1;0;1;1
403414;0;1;1;1;0;1;0;1;1
80845;0;1;1;1;0;1;0;1;1
121552;0;1;1;1;0;1;0;1;1
295233;0;1;1;1;0;1;0;1;1
377307;0;1;1;1;0;1;0;1;1
104909;0;1;1;1;0;1;0;1;1
98953;0;1;1;1;0;1;0;1;1
127867;0;1;1;1;0;1;0;1;1
53202;0;1;1;1;0;1;0;1;1
358433;0;1;1;1;0;1;0;1;1
287794;0;1;1;1;0;1;0;1;1
359665;0;1;1;1;0;1;0;1;1
150443;0;1;1;1;0;1;0;1;1
8802;0;1;1;1;0;1;0;1;1
179281;0;1;1;1;0;1;0;1;1
68272;0;1;1;1;0;1;0;1;1
364150;0;1;1;1;0;1;0;1;1
242845;0;1;1;1;0;1;0;1;1
452112;0;1;1;1;0;1;0;1;1
225120;0;1;1;1;0;1;0;1;1
191990;0;1;1;1;0;1;0;1;1
194754;0;1;1;1;0;1;0;1;1
14311;0;1;1;1;0;1;0;1;1
256128;0;1;1;1;0;1;0;1;1
466651;0;1;1;1;0;1;0;1;1
26005;0;1;1;1;0;1;0;1;1
67182;0;1;1;1;0;1;0;1;1
313102;0;1;1;1;0;1;0;1;1
54508;0;1;1;1;0;1;0;1;1
265008;0;1;1;1;0;1;0;1;1
338475;0;1;1;1;0;1;0;1;1
13033;0;1;1;1;0;1;0;1;1
129722;0;1;1;1;0;1;0;1;1
220875;0;1;1;1;0;1;0;1;1
93386;0;1;1;1;0;1;0;1;1
255677;0;1;1;1;0;1;0;1;1
107479;0;1;1;1;0;1;0;1;1
60932;0;1;1;1;0;1;0;1;1
23492;0;1;1;1;0;1;0;1;1
301527;0;1;1;1;0;1;0;1;1
49431;0;1;1;1;0;1;0;1;1
407187;0;1;1;1;0;1;0;1;1
356336;0;1;1;1;0;1;0;1;1
79487;0;1;1;1;0;1;0;1;1
185885;0;1;1;1;0;1;0;1;1
89595;0;1;1;1;0;1;0;1;1
127330;0;1;1;1;0;1;0;1;1
208684;0;1;1;1;0;1;0;1;1
317407;0;1;1;1;0;1;0;1;1
387497;0;1;1;1;0;1;0;1;1
374748;0;1;1;1;0;1;0;1;1
399418;0;1;1;1;0;1;0;1;1
330518;0;1;1;1;0;1;0;1;1
84529;0;1;1;1;0;1;0;1;1
423190;0;1;1;1;0;1;0;1;1
64351;0;1;1;1;0;1;0;1;1
421237;0;1;1;1;0;1;0;1;1
214796;0;1;1;1;0;1;0;1;1
189533;0;1;1;1;0;1;0;1;1
197563;0;1;1;1;0;1;0;1;1
460477;0;1;1;1;0;1;0;1;1
443327;0;1;1;1;0;1;0;1;1
339515;0;1;1;1;0;1;0;1;1
431742;0;1;1;1;0;1;0;1;1
149165;0;1;1;1;0;1;0;1;1
60347;0;1;1;1;0;1;0;1;1
2320;0;1;1;1;0;1;0;1;1
202101;0;1;1;1;0;1;0;1;1
460455;0;1;1;1;0;1;0;1;1
427809;0;1;1;1;0;1;0;1;1
253154;0;1;1;1;0;1;0;1;1
225363;0;1;1;1;0;1;0;1;1
49852;0;1;1;1;0;1;0;1;1
19055;0;1;1;1;0;1;0;1;1
462386;0;1;1;1;0;1;0;1;1
104815;0;1;1;1;0;1;0;1;1
125867;0;1;1;1;0;1;0;1;1
86277;0;1;1;1;0;1;0;1;1
202442;0;1;1;1;0;1;0;1;1
57775;0;1;1;1;0;1;0;1;1
275908;0;1;1;1;0;1;0;1;1
15020;0;1;1;1;0;1;0;1;1
267742;0;1;1;1;0;1;0;1;1
323091;0;1;1;1;0;1;0;1;1
440876;0;1;1;1;0;1;0;1;1
85635;0;1;1;1;0;1;0;1;1
127955;0;1;1;1;0;1;0;1;1
58645;0;1;1;1;0;1;0;1;1
289747;0;1;1;1;0;1;0;1;1
311737;0;1;1;1;0;1;0;1;1
229812;0;1;1;1;0;1;0;1;1
383536;0;1;1;1;0;1;0;1;1
424192;0;1;1;1;0;1;0;1;1
192179;0;1;1;1;0;1;0;1;1
311466;0;1;1;1;0;1;0;1;1
50740;0;1;1;1;0;1;0;1;1
34638;0;1;1;1;0;1;0;1;1
457943;0;1;1;1;0;1;0;1;1
460559;0;1;1;1;0;1;0;1;1
171253;0;1;1;1;0;1;0;1;1
377891;0;1;1;1;0;1;0;1;1
168521;0;1;1;1;0;1;0;1;1
153738;0;1;1;1;0;1;0;1;1
361435;0;1;1;1;0;1;0;1;1
209081;0;1;1;1;0;1;0;1;1
124016;0;1;1;1;0;1;0;1;1
136499;0;1;1;1;0;1;0;1;1
35378;0;1;1;1;0;1;0;1;1
274049;0;1;1;1;0;1;0;1;1
455971;0;1;1;1;0;1;0;1;1
431477;0;1;1;1;0;1;0;1;1
464526;0;1;1;1;0;1;0;1;1
208921;0;1;1;1;0;1;0;1;1
76400;0;1;1;1;0;1;0;1;1
181098;0;1;1;1;0;1;0;1;1
207921;0;1;1;1;0;1;0;1;1
42578;0;1;1;1;0;1;0;1;1
211455;0;1;1;1;0;1;0;1;1
195088;0;1;1;1;0;1;0;1;1
325554;0;1;1;1;0;1;0;1;1
267651;0;1;1;1;0;1;0;1;1
91201;0;1;1;1;0;1;0;1;1
219085;0;1;1;1;0;1;0;1;1
278810;0;1;1;1;0;1;0;1;1
183997;0;1;1;1;0;1;0;1;1
10994;0;1;1;1;0;1;0;1;1
288280;0;1;1;1;0;1;0;1;1
161338;0;1;1;1;0;1;0;1;1
153902;0;1;1;1;0;1;0;1;1
420633;0;1;1;1;0;1;0;1;1
196163;0;1;1;1;0;1;0;1;1
215829;0;1;1;1;0;1;0;1;1
98115;0;1;1;1;0;1;0;1;1
260831;0;1;1;1;0;1;0;1;1
63286;0;1;1;1;0;1;0;1;1
163754;0;1;1;1;0;1;0;1;1
426115;0;1;1;1;0;1;0;1;1
229772;0;1;1;1;0;1;0;1;1
460243;0;1;1;1;0;1;0;1;1
104965;0;1;1;1;0;1;0;1;1
319507;0;1;1;1;0;1;0;1;1
394599;0;1;1;1;0;1;0;1;1
197969;0;1;1;1;0;1;0;1;1
451502;0;1;1;1;0;1;0;1;1
79641;0;1;1;1;0;1;0;1;1
91499;0;1;1;1;0;1;0;1;1
174920;0;1;1;1;0;1;0;1;1
464205;0;1;1;1;0;1;0;1;1
283938;0;1;1;1;0;1;0;1;1
452741;0;1;1;1;0;1;0;1;1
206700;0;1;1;1;0;1;0;1;1
211840;0;1;1;1;0;1;0;1;1
263162;0;1;1;1;0;1;0;1;1
160988;0;1;1;1;0;1;0;1;1
399772;0;1;1;1;0;1;0;1;1
192423;0;1;1;1;0;1;0;1;1
292471;0;1;1;1;0;1;0;1;1
166659;0;1;1;1;0;1;0;1;1
182528;0;1;1;1;0;1;0;1;1
184578;0;1;1;1;0;1;0;1;1
342297;0;1;1;1;0;1;0;1;1
4997;0;1;1;1;0;1;0;1;1
276237;0;1;1;1;0;1;0;1;1
216766;0;1;1;1;0;1;0;1;1
1143;0;1;1;1;0;1;0;1;1
159282;0;1;1;1;0;1;0;1;1
120031;0;1;1;1;0;1;0;1;1
247200;0;1;1;1;0;1;0;1;1
191464;0;1;1;1;0;1;0;1;1
9024;0;1;1;1;0;1;0;1;1
403859;0;1;1;1;0;1;0;1;1
128163;0;1;1;1;0;1;0;1;1
423521;0;1;1;1;0;1;0;1;1
223583;0;1;1;1;0;1;0;1;1
200478;0;1;1;1;0;1;0;1;1
335367;0;1;1;1;0;1;0;1;1
240606;0;1;1;1;0;1;0;1;1
174468;0;1;1;1;0;1;0;1;1
164357;0;1;1;1;0;1;0;1;1
58329;0;1;1;1;0;1;0;1;1
414329;0;1;1;1;0;1;0;1;1
354720;0;1;1;1;0;1;0;1;1
261650;0;1;1;1;0;1;0;1;1
60518;0;1;1;1;0;1;0;1;1
281366;0;1;1;1;0;1;0;1;1
364311;0;1;1;1;0;1;0;1;1
452248;0;1;1;1;0;1;0;1;1
310104;0;1;1;1;0;1;0;1;1
242722;0;1;1;1;0;1;0;1;1
445636;0;1;1;1;0;1;0;1;1
74329;0;1;1;1;0;1;0;1;1
357479;0;1;1;1;0;1;0;1;1
4119;0;1;1;1;0;1;0;1;1
445665;0;1;1;1;0;1;0;1;1
243440;0;1;1;1;0;1;0;1;1
445207;0;1;1;1;0;1;0;1;1
130496;0;1;1;1;0;1;0;1;1
77336;0;1;1;1;0;1;0;1;1
405361;0;1;1;1;0;1;0;1;1
375580;0;1;1;1;0;1;0;1;1
218054;0;1;1;1;0;1;0;1;1
401108;0;1;1;1;0;1;0;1;1
117440;0;1;1;1;0;1;0;1;1
224198;0;1;1;1;0;1;0;1;1
264253;0;1;1;1;0;1;0;1;1
205735;0;1;1;1;0;1;0;1;1
257592;0;1;1;1;0;1;0;1;1
209412;0;1;1;1;0;1;0;1;1
471421;0;1;1;1;0;1;0;1;1
136356;0;1;1;1;0;1;0;1;1
80681;0;1;1;1;0;1;0;1;1
55890;0;1;1;1;0;1;0;1;1
307425;0;1;1;1;0;1;0;1;1
125810;0;1;1;1;0;1;0;1;1
272664;0;1;1;1;0;1;0;1;1
102286;0;1;1;1;0;1;0;1;1
47898;0;1;1;1;0;1;0;1;1
145781;0;1;1;1;0;1;0;1;1
254968;0;1;1;1;0;1;0;1;1
27685;0;1;1;1;0;1;0;1;1
44612;0;1;1;1;0;1;0;1;1
428177;0;1;1;1;0;1;0;1;1
34365;0;1;1;1;0;1;0;1;1
375331;0;1;1;1;0;1;0;1;1
203785;0;1;1;1;0;1;0;1;1
137140;0;1;1;1;0;1;0;1;1
5047;0;1;1;1;0;1;0;1;1
184428;0;1;1;1;0;1;0;1;1
461773;0;1;1;1;0;1;0;1;1
319395;0;1;1;1;0;1;0;1;1
93685;0;1;1;1;0;1;0;1;1
72878;0;1;1;1;0;1;0;1;1
108796;0;1;1;1;0;1;0;1;1
12105;0;1;1;1;0;1;0;1;1
330215;0;1;1;1;0;1;0;1;1
391875;0;1;1;1;0;1;0;1;1
146782;0;1;1;1;0;1;0;1;1
125482;0;1;1;1;0;1;0;1;1
447724;0;1;1;1;0;1;0;1;1
331060;0;1;1;1;0;1;0;1;1
9969;0;1;1;1;0;1;0;1;1
451889;0;1;1;1;0;1;0;1;1
174713;0;1;1;1;0;1;0;1;1
120761;0;1;1;1;0;1;0;1;1
281254;0;1;1;1;0;1;0;1;1
158182;0;1;1;1;0;1;0;1;1
83191;0;1;1;1;0;1;0;1;1
261663;0;1;1;1;0;1;0;1;1
140623;0;1;1;1;0;1;0;1;1
112628;0;1;1;1;0;1;0;1;1
16787;0;1;1;1;0;1;0;1;1
373680;0;1;1;1;0;1;0;1;1
427763;0;1;1;1;0;1;0;1;1
29681;0;1;1;1;0;1;0;1;1
456090;0;1;1;1;0;1;0;1;1
40360;0;1;1;1;0;1;0;1;1
145812;0;1;1;1;0;1;0;1;1
351052;0;1;1;1;0;1;0;1;1
303649;0;1;1;1;0;1;0;1;1
33257;0;1;1;1;0;1;0;1;1
240147;0;1;1;1;0;1;0;1;1
173068;0;1;1;1;0;1;0;1;1
127141;0;1;1;1;0;1;0;1;1
169204;0;1;1;1;0;1;0;1;1
459283;0;1;1;1;0;1;0;1;1
374295;0;1;1;1;0;1;0;1;1
239101;0;1;1;1;0;1;0;1;1
407261;0;1;1;1;0;1;0;1;1
365809;0;1;1;1;0;1;0;1;1
77226;0;1;1;1;0;1;0;1;1
171679;0;1;1;1;0;1;0;1;1
285655;0;1;1;1;0;1;0;1;1
172024;0;1;1;1;0;1;0;1;1
468789;0;1;1;1;0;1;0;1;1
144256;0;1;1;1;0;1;0;1;1
249612;0;1;1;1;0;1;0;1;1
12359;0;1;1;1;0;1;0;1;1
334422;0;1;1;1;0;1;0;1;1
441156;0;1;1;1;0;1;0;1;1
180449;0;1;1;1;0;1;0;1;1
121155;0;1;1;1;0;1;0;1;1
14756;0;1;1;1;0;1;0;1;1
161562;0;1;1;1;0;1;0;1;1
84932;0;1;1;1;0;1;0;1;1
269209;0;1;1;1;0;1;0;1;1
352284;0;1;1;1;0;1;0;1;1
185517;0;1;1;1;0;1;0;1;1
125506;0;1;1;1;0;1;0;1;1
33836;0;1;1;1;0;1;0;1;1
170736;0;1;1;1;0;1;0;1;1
318556;0;1;1;1;0;1;0;1;1
136363;0;1;1;1;0;1;0;1;1
371480;0;1;1;1;0;1;0;1;1
454380;0;1;1;1;0;1;0;1;1
250501;0;1;1;1;0;1;0;1;1
329445;0;1;1;1;0;1;0;1;1
225682;0;1;1;1;0;1;0;1;1
452896;0;1;1;1;0;1;0;1;1
206309;0;1;1;1;0;1;0;1;1
436954;0;1;1;1;0;1;0;1;1
191191;0;1;1;1;0;1;0;1;1
216168;0;1;1;1;0;1;0;1;1
58517;0;1;1;1;0;1;0;1;1
440963;0;1;1;1;0;1;0;1;1
246967;0;1;1;1;0;1;0;1;1
213845;0;1;1;1;0;1;0;1;1
180855;0;1;1;1;0;1;0;1;1
21024;0;1;1;1;0;1;0;1;1
100110;0;1;1;1;0;1;0;1;1
252818;0;1;1;1;0;1;0;1;1
305478;0;1;1;1;0;1;0;1;1
356448;0;1;1;1;0;1;0;1;1
390004;0;1;1;1;0;1;0;1;1
63353;0;1;1;1;0;1;0;1;1
101099;0;1;1;1;0;1;0;1;1
58906;0;1;1;1;0;1;0;1;1
202997;0;1;1;1;0;1;0;1;1
191869;0;1;1;1;0;1;0;1;1
420658;0;1;1;1;0;1;0;1;1
248309;0;1;1;1;0;1;0;1;1
471165;0;1;1;1;0;1;0;1;1
156765;0;1;1;1;0;1;0;1;1
268536;0;1;1;1;0;1;0;1;1
289597;0;1;1;1;0;1;0;1;1
468052;0;1;1;1;0;1;0;1;1
295726;0;1;1;1;0;1;0;1;1
127880;0;1;1;1;0;1;0;1;1
180328;0;1;1;1;0;1;0;1;1
369051;0;1;1;1;0;1;0;1;1
237784;0;1;1;1;0;1;0;1;1
43196;0;1;1;1;0;1;0;1;1
141153;0;1;1;1;0;1;0;1;1
87788;0;1;1;1;0;1;0;1;1
333136;0;1;1;1;0;1;0;1;1
360155;0;1;1;1;0;1;0;1;1
457331;0;1;1;1;0;1;0;1;1
113857;0;1;1;1;0;1;0;1;1
312528;0;1;1;1;0;1;0;1;1
43528;0;1;1;1;0;1;0;1;1
246945;0;1;1;1;0;1;0;1;1
395380;0;1;1;1;0;1;0;1;1
275542;0;1;1;1;0;1;0;1;1
11005;0;1;1;1;0;1;0;1;1
196801;0;1;1;1;0;1;0;1;1
381119;0;1;1;1;0;1;0;1;1
449810;0;1;1;1;0;1;0;1;1
53091;0;1;1;1;0;1;0;1;1
163849;0;1;1;1;0;1;0;1;1
336793;0;1;1;1;0;1;0;1;1
42714;0;1;1;1;0;1;0;1;1
110944;0;1;1;1;0;1;0;1;1
135706;0;1;1;1;0;1;0;1;1
60961;0;1;1;1;0;1;0;1;1
102449;0;1;1;1;0;1;0;1;1
15724;0;1;1;1;0;1;0;1;1
88933;0;1;1;1;0;1;0;1;1
343856;0;1;1;1;0;1;0;1;1
417247;0;1;1;1;0;1;0;1;1
114356;0;1;1;1;0;1;0;1;1
408166;0;1;1;1;0;1;0;1;1
78390;0;1;1;1;0;1;0;1;1
284450;0;1;1;1;0;1;0;1;1
351380;0;1;1;1;0;1;0;1;1
432950;0;1;1;1;0;1;0;1;1
348609;0;1;1;1;0;1;0;1;1
214378;0;1;1;1;0;1;0;1;1
36595;0;1;1;1;0;1;0;1;1
39036;0;1;1;1;0;1;0;1;1
110300;0;1;1;1;0;1;0;1;1
128453;0;1;1;1;0;1;0;1;1
470930;0;1;1;1;0;1;0;1;1
290430;0;1;1;1;0;1;0;1;1
274410;0;1;1;1;0;1;0;1;1
217271;0;1;1;1;0;1;0;1;1
42211;0;1;1;1;0;1;0;1;1
408362;0;1;1;1;0;1;0;1;1
286103;0;1;1;1;0;1;0;1;1
338616;0;1;1;1;0;1;0;1;1
9040;0;1;1;1;0;1;0;1;1
188361;0;1;1;1;0;1;0;1;1
107094;0;1;1;1;0;1;0;1;1
2550;0;1;1;1;0;1;0;1;1
266406;0;1;1;1;0;1;0;1;1
40245;0;1;1;1;0;1;0;1;1
14372;0;1;1;1;0;1;0;1;1
325795;0;1;1;1;0;1;0;1;1
284232;0;1;1;1;0;1;0;1;1
99097;0;1;1;1;0;1;0;1;1
141843;0;1;1;1;0;1;0;1;1
54002;0;1;1;1;0;1;0;1;1
36056;0;1;1;1;0;1;0;1;1
89235;0;1;1;1;0;1;0;1;1
400126;0;1;1;1;0;1;0;1;1
415962;0;1;1;1;0;1;0;1;1
416739;0;1;1;1;0;1;0;1;1
385097;0;1;1;1;0;1;0;1;1
149872;0;1;1;1;0;1;0;1;1
222899;0;1;1;1;0;1;0;1;1
29209;0;1;1;1;0;1;0;1;1
351903;0;1;1;1;0;1;0;1;1
342365;0;1;1;1;0;1;0;1;1
291966;0;1;1;1;0;1;0;1;1
97095;0;1;1;1;0;1;0;1;1
254717;0;1;1;1;0;1;0;1;1
59508;0;1;1;1;0;1;0;1;1
119934;0;1;1;1;0;1;0;1;1
89728;0;1;1;1;0;1;0;1;1
171607;0;1;1;1;0;1;0;1;1
285935;0;1;1;1;0;1;0;1;1
22963;0;1;1;1;0;1;0;1;1
202594;0;1;1;1;0;1;0;1;1
43210;0;1;1;1;0;1;0;1;1
456226;0;1;1;1;0;1;0;1;1
135534;0;1;1;1;0;1;0;1;1
393043;0;1;1;1;0;1;0;1;1
250567;0;1;1;1;0;1;0;1;1
142495;0;1;1;1;0;1;0;1;1
128375;0;1;1;1;0;1;0;1;1
5681;0;1;1;1;0;1;0;1;1
88982;0;1;1;1;0;1;0;1;1
335793;0;1;1;1;0;1;0;1;1
217315;0;1;1;1;0;1;0;1;1
117994;0;1;1;1;0;1;0;1;1
146767;0;1;1;1;0;1;0;1;1
459706;0;1;1;1;0;1;0;1;1
97758;0;1;1;1;0;1;0;1;1
54120;0;1;1;1;0;1;0;1;1
341554;0;1;1;1;0;1;0;1;1
408130;0;1;1;1;0;1;0;1;1
32974;0;1;1;1;0;1;0;1;1
263850;0;1;1;1;0;1;0;1;1
63166;0;1;1;1;0;1;0;1;1
182722;0;1;1;1;0;1;0;1;1
106942;0;1;1;1;0;1;0;1;1
395633;0;1;1;1;0;1;0;1;1
243760;0;1;1;1;0;1;0;1;1
91774;0;1;1;1;0;1;0;1;1
460973;0;1;1;1;0;1;0;1;1
156961;0;1;1;1;0;1;0;1;1
348836;0;1;1;1;0;1;0;1;1
250992;0;1;1;1;0;1;0;1;1
399007;0;1;1;1;0;1;0;1;1
149788;0;1;1;1;0;1;0;1;1
124565;0;1;1;1;0;1;0;1;1
287592;0;1;1;1;0;1;0;1;1
450690;0;1;1;1;0;1;0;1;1
94447;0;1;1;1;0;1;0;1;1
218791;0;1;1;1;0;1;0;1;1
91643;0;1;1;1;0;1;0;1;1
354106;0;1;1;1;0;1;0;1;1
348294;0;1;1;1;0;1;0;1;1
13649;0;1;1;1;0;1;0;1;1
332315;0;1;1;1;0;1;0;1;1
439889;0;1;1;1;0;1;0;1;1
398903;0;1;1;1;0;1;0;1;1
51301;0;1;1;1;0;1;0;1;1
356820;0;1;1;1;0;1;0;1;1
60360;0;1;1;1;0;1;0;1;1
389201;0;1;1;1;0;1;0;1;1
126964;0;1;1;1;0;1;0;1;1
191319;0;1;1;1;0;1;0;1;1
409038;0;1;1;1;0;1;0;1;1
170904;0;1;1;1;0;1;0;1;1
253789;0;1;1;1;0;1;0;1;1
141634;0;1;1;1;0;1;0;1;1
420727;0;1;1;1;0;1;0;1;1
280843;0;1;1;1;0;1;0;1;1
462940;0;1;1;1;0;1;0;1;1
278345;0;1;1;1;0;1;0;1;1
33491;0;1;1;1;0;1;0;1;1
44261;0;1;1;1;0;1;0;1;1
243924;0;1;1;1;0;1;0;1;1
356163;0;1;1;1;0;1;0;1;1
256750;0;1;1;1;0;1;0;1;1
337;0;1;1;1;0;1;0;1;1
396495;0;1;1;1;0;1;0;1;1
98372;0;1;1;1;0;1;0;1;1
465836;0;1;1;1;0;1;0;1;1
47266;0;1;1;1;0;1;0;1;1
163419;0;1;1;1;0;1;0;1;1
66921;0;1;1;1;0;1;0;1;1
280091;0;1;1;1;0;1;0;1;1
223666;0;1;1;1;0;1;0;1;1
358607;0;1;1;1;0;1;0;1;1
350790;0;1;1;1;0;1;0;1;1
23429;0;1;1;1;0;1;0;1;1
160914;0;1;1;1;0;1;0;1;1
344769;0;1;1;1;0;1;0;1;1
310793;0;1;1;1;0;1;0;1;1
141372;0;1;1;1;0;1;0;1;1
263342;0;1;1;1;0;1;0;1;1
364034;0;1;1;1;0;1;0;1;1
106204;0;1;1;1;0;1;0;1;1
254490;0;1;1;1;0;1;0;1;1
411063;0;1;1;1;0;1;0;1;1
110893;0;1;1;1;0;1;0;1;1
316642;0;1;1;1;0;1;0;1;1
197361;0;1;1;1;0;1;0;1;1
267724;0;1;1;1;0;1;0;1;1
37933;0;1;1;1;0;1;0;1;1
166492;0;1;1;1;0;1;0;1;1
377711;0;1;1;1;0;1;0;1;1
3800;0;1;1;1;0;1;0;1;1
266781;0;1;1;1;0;1;0;1;1
217865;0;1;1;1;0;1;0;1;1
99978;0;1;1;1;0;1;0;1;1
229186;0;1;1;1;0;1;0;1;1
301712;0;1;1;1;0;1;0;1;1
322450;0;1;1;1;0;1;0;1;1
138538;0;1;1;1;0;1;0;1;1
388540;0;1;1;1;0;1;0;1;1
362111;0;1;1;1;0;1;0;1;1
178486;0;1;1;1;0;1;0;1;1
67729;0;1;1;1;0;1;0;1;1
137808;0;1;1;1;0;1;0;1;1
121162;0;1;1;1;0;1;0;1;1
446150;0;1;1;1;0;1;0;1;1
221087;0;1;1;1;0;1;0;1;1
402030;0;1;1;1;0;1;0;1;1
212017;0;1;1;1;0;1;0;1;1
104327;0;1;1;1;0;1;0;1;1
172822;0;1;1;1;0;1;0;1;1
456615;0;1;1;1;0;1;0;1;1
327887;0;1;1;1;0;1;0;1;1
408266;0;1;1;1;0;1;0;1;1
330406;0;1;1;1;0;1;0;1;1
140443;0;1;1;1;0;1;0;1;1
296999;0;1;1;1;0;1;0;1;1
78202;0;1;1;1;0;1;0;1;1
279907;0;1;1;1;0;1;0;1;1
31139;0;1;1;1;0;1;0;1;1
231045;0;1;1;1;0;1;0;1;1
299951;0;1;1;1;0;1;0;1;1
27193;0;1;1;1;0;1;0;1;1
211820;0;1;1;1;0;1;0;1;1
452888;0;1;1;1;0;1;0;1;1
354138;0;1;1;1;0;1;0;1;1
274020;0;1;1;1;0;1;0;1;1
51569;0;1;1;1;0;1;0;1;1
70051;0;1;1;1;0;1;0;1;1
126391;0;1;1;1;0;1;0;1;1
316448;0;1;1;1;0;1;0;1;1
216211;0;1;1;1;0;1;0;1;1
155745;0;1;1;1;0;1;0;1;1
311802;0;1;1;1;0;1;0;1;1
23002;0;1;1;1;0;1;0;1;1
36024;0;1;1;1;0;1;0;1;1
151809;0;1;1;1;0;1;0;1;1
31440;0;1;1;1;0;1;0;1;1
448084;0;1;1;1;0;1;0;1;1
64993;0;1;1;1;0;1;0;1;1
418075;0;1;1;1;0;1;0;1;1
299058;0;1;1;1;0;1;0;1;1
164058;0;1;1;1;0;1;0;1;1
296851;0;1;1;1;0;1;0;1;1
142526;0;1;1;1;0;1;0;1;1
378170;0;1;1;1;0;1;0;1;1
54625;0;1;1;1;0;1;0;1;1
460386;0;1;1;1;0;1;0;1;1
315517;0;1;1;1;0;1;0;1;1
120779;0;1;1;1;0;1;0;1;1
162881;0;1;1;1;0;1;0;1;1
466313;0;1;1;1;0;1;0;1;1
324973;0;1;1;1;0;1;0;1;1
312629;0;1;1;1;0;1;0;1;1
394419;0;1;1;1;0;1;0;1;1
369188;0;1;1;1;0;1;0;1;1
208123;0;1;1;1;0;1;0;1;1
5392;0;1;1;1;0;1;0;1;1
249314;0;1;1;1;0;1;0;1;1
241240;0;1;1;1;0;1;0;1;1
383684;0;1;1;1;0;1;0;1;1
410419;0;1;1;1;0;1;0;1;1
178266;0;1;1;1;0;1;0;1;1
65955;0;1;1;1;0;1;0;1;1
18037;0;1;1;1;0;1;0;1;1
415852;0;1;1;1;0;1;0;1;1
146448;0;1;1;1;0;1;0;1;1
356720;0;1;1;1;0;1;0;1;1
323548;0;1;1;1;0;1;0;1;1
3939;0;1;1;1;0;1;0;1;1
257472;0;1;1;1;0;1;0;1;1
37421;0;1;1;1;0;1;0;1;1
95737;0;1;1;1;0;1;0;1;1
300555;0;1;1;1;0;1;0;1;1
212960;0;1;1;1;0;1;0;1;1
110540;0;1;1;1;0;1;0;1;1
126838;0;1;1;1;0;1;0;1;1
338520;0;1;1;1;0;1;0;1;1
158808;0;1;1;1;0;1;0;1;1
409327;0;1;1;1;0;1;0;1;1
361570;0;1;1;1;0;1;0;1;1
248920;0;1;1;1;0;1;0;1;1
122463;0;1;1;1;0;1;0;1;1
90828;0;1;1;1;0;1;0;1;1
286710;0;1;1;1;0;1;0;1;1
119674;0;1;1;1;0;1;0;1;1
321928;0;1;1;1;0;1;0;1;1
159200;0;1;1;1;0;1;0;1;1
20304;0;1;1;1;0;1;0;1;1
117070;0;1;1;1;0;1;0;1;1
164178;0;1;1;1;0;1;0;1;1
116029;0;1;1;1;0;1;0;1;1
377851;0;1;1;1;0;1;0;1;1
249597;0;1;1;1;0;1;0;1;1
343289;0;1;1;1;0;1;0;1;1
324237;0;1;1;1;0;1;0;1;1
214497;0;1;1;1;0;1;0;1;1
81938;0;1;1;1;0;1;0;1;1
18482;0;1;1;1;0;1;0;1;1
37100;0;1;1;1;0;1;0;1;1
75963;0;1;1;1;0;1;0;1;1
84735;0;1;1;1;0;1;0;1;1
68234;0;1;1;1;0;1;0;1;1
335108;0;1;1;1;0;1;0;1;1
275904;0;1;1;1;0;1;0;1;1
303645;0;1;1;1;0;1;0;1;1
20233;0;1;1;1;0;1;0;1;1
428812;0;1;1;1;0;1;0;1;1
289699;0;1;1;1;0;1;0;1;1
396649;0;1;1;1;0;1;0;1;1
469308;0;1;1;1;0;1;0;1;1
421274;0;1;1;1;0;1;0;1;1
325272;0;1;1;1;0;1;0;1;1
81634;0;1;1;1;0;1;0;1;1
254831;0;1;1;1;0;1;0;1;1
470981;0;1;1;1;0;1;0;1;1
140537;0;1;1;1;0;1;0;1;1
73440;0;1;1;1;0;1;0;1;1
38251;0;1;1;1;0;1;0;1;1
272327;0;1;1;1;0;1;0;1;1
37307;0;1;1;1;0;1;0;1;1
301363;0;1;1;1;0;1;0;1;1
453164;0;1;1;1;0;1;0;1;1
419195;0;1;1;1;0;1;0;1;1
334082;0;1;1;1;0;1;0;1;1
401328;0;1;1;1;0;1;0;1;1
223794;0;1;1;1;0;1;0;1;1
241728;0;1;1;1;0;1;0;1;1
392614;0;1;1;1;0;1;0;1;1
365818;0;1;1;1;0;1;0;1;1
434025;0;1;1;1;0;1;0;1;1
173439;0;1;1;1;0;1;0;1;1
313006;0;1;1;1;0;1;0;1;1
397544;0;1;1;1;0;1;0;1;1
94982;0;1;1;1;0;1;0;1;1
254509;0;1;1;1;0;1;0;1;1
469093;0;1;1;1;0;1;0;1;1
9004;0;1;1;1;0;1;0;1;1
236600;0;1;1;1;0;1;0;1;1
91752;0;1;1;1;0;1;0;1;1
344619;0;1;1;1;0;1;0;1;1
209450;0;1;1;1;0;1;0;1;1
259331;0;1;1;1;0;1;0;1;1
21692;0;1;1;1;0;1;0;1;1
148428;0;1;1;1;0;1;0;1;1
1990;0;1;1;1;0;1;0;1;1
33596;0;1;1;1;0;1;0;1;1
227452;0;1;1;1;0;1;0;1;1
33161;0;1;1;1;0;1;0;1;1
122889;0;1;1;1;0;1;0;1;1
455875;0;1;1;1;0;1;0;1;1
432830;0;1;1;1;0;1;0;1;1
29436;0;1;1;1;0;1;0;1;1
142801;0;1;1;1;0;1;0;1;1
375353;0;1;1;1;0;1;0;1;1
293567;0;1;1;1;0;1;0;1;1
199265;0;1;1;1;0;1;0;1;1
116867;0;1;1;1;0;1;0;1;1
286423;0;1;1;1;0;1;0;1;1
389081;0;1;1;1;0;1;0;1;1
252427;0;1;1;1;0;1;0;1;1
163699;0;1;1;1;0;1;0;1;1
170812;0;1;1;1;0;1;0;1;1
464183;0;1;1;1;0;1;0;1;1
234614;0;1;1;1;0;1;0;1;1
74343;0;1;1;1;0;1;0;1;1
175560;0;1;1;1;0;1;0;1;1
40235;0;1;1;1;0;1;0;1;1
428533;0;1;1;1;0;1;0;1;1
145385;0;1;1;1;0;1;0;1;1
59344;0;1;1;1;0;1;0;1;1
433623;0;1;1;1;0;1;0;1;1
282845;0;1;1;1;0;1;0;1;1
124325;0;1;1;1;0;1;0;1;1
397454;0;1;1;1;0;1;0;1;1
48512;0;1;1;1;0;1;0;1;1
361939;0;1;1;1;0;1;0;1;1
163994;0;1;1;1;0;1;0;1;1
140179;0;1;1;1;0;1;0;1;1
348828;0;1;1;1;0;1;0;1;1
249206;0;1;1;1;0;1;0;1;1
328322;0;1;1;1;0;1;0;1;1
265889;0;1;1;1;0;1;0;1;1
271014;0;1;1;1;0;1;0;1;1
266310;0;1;1;1;0;1;0;1;1
455310;0;1;1;1;0;1;0;1;1
338390;0;1;1;1;0;1;0;1;1
428535;0;1;1;1;0;1;0;1;1
363263;0;1;1;1;0;1;0;1;1
147529;0;1;1;1;0;1;0;1;1
426998;0;1;1;1;0;1;0;1;1
22103;0;1;1;1;0;1;0;1;1
205770;0;1;1;1;0;1;0;1;1
372737;0;1;1;1;0;1;0;1;1
145684;0;1;1;1;0;1;0;1;1
166307;0;1;1;1;0;1;0;1;1
329577;0;1;1;1;0;1;0;1;1
38946;0;1;1;1;0;1;0;1;1
311116;0;1;1;1;0;1;0;1;1
272567;0;1;1;1;0;1;0;1;1
68950;0;1;1;1;0;1;0;1;1
186653;0;1;1;1;0;1;0;1;1
112977;0;1;1;1;0;1;0;1;1
350251;0;1;1;1;0;1;0;1;1
156865;0;1;1;1;0;1;0;1;1
201562;0;1;1;1;0;1;0;1;1
320481;0;1;1;1;0;1;0;1;1
212795;0;1;1;1;0;1;0;1;1
13736;0;1;1;1;0;1;0;1;1
393696;0;1;1;1;0;1;0;1;1
365499;0;1;1;1;0;1;0;1;1
286907;0;1;1;1;0;1;0;1;1
380648;0;1;1;1;0;1;0;1;1
86169;0;1;1;1;0;1;0;1;1
433627;0;1;1;1;0;1;0;1;1
243460;0;1;1;1;0;1;0;1;1
254663;0;1;1;1;0;1;0;1;1
155961;0;1;1;1;0;1;0;1;1
263788;0;1;1;1;0;1;0;1;1
338155;0;1;1;1;0;1;0;1;1
299401;0;1;1;1;0;1;0;1;1
189543;0;1;1;1;0;1;0;1;1
318608;0;1;1;1;0;1;0;1;1
320897;0;1;1;1;0;1;0;1;1
241938;0;1;1;1;0;1;0;1;1
13871;0;1;1;1;0;1;0;1;1
368;0;1;1;1;0;1;0;1;1
90225;0;1;1;1;0;1;0;1;1
275812;0;1;1;1;0;1;0;1;1
381613;0;1;1;1;0;1;0;1;1
20014;0;1;1;1;0;1;0;1;1
88799;0;1;1;1;0;1;0;1;1
413459;0;1;1;1;0;1;0;1;1
459705;0;1;1;1;0;1;0;1;1
404650;0;1;1;1;0;1;0;1;1
277072;0;1;1;1;0;1;0;1;1
42367;0;1;1;1;0;1;0;1;1
142900;0;1;1;1;0;1;0;1;1
425802;0;1;1;1;0;1;0;1;1
291094;0;1;1;1;0;1;0;1;1
71818;0;1;1;1;0;1;0;1;1
44010;0;1;1;1;0;1;0;1;1
471208;0;1;1;1;0;1;0;1;1
137905;0;1;1;1;0;1;0;1;1
149069;0;1;1;1;0;1;0;1;1
273535;0;1;1;1;0;1;0;1;1
225240;0;1;1;1;0;1;0;1;1
229236;0;1;1;1;0;1;0;1;1
138262;0;1;1;1;0;1;0;1;1
5114;0;1;1;1;0;1;0;1;1
81435;0;1;1;1;0;1;0;1;1
72840;0;1;1;1;0;1;0;1;1
31390;0;1;1;1;0;1;0;1;1
31148;0;1;1;1;0;1;0;1;1
10249;0;1;1;1;0;1;0;1;1
247560;0;1;1;1;0;1;0;1;1
80829;0;1;1;1;0;1;0;1;1
423252;0;1;1;1;0;1;0;1;1
296860;0;1;1;1;0;1;0;1;1
304883;0;1;1;1;0;1;0;1;1
29365;0;1;1;1;0;1;0;1;1
458969;0;1;1;1;0;1;0;1;1
385985;0;1;1;1;0;1;0;1;1
338290;0;1;1;1;0;1;0;1;1
415734;0;1;1;1;0;1;0;1;1
97130;0;1;1;1;0;1;0;1;1
389975;0;1;1;1;0;1;0;1;1
246048;0;1;1;1;0;1;0;1;1
144900;0;1;1;1;0;1;0;1;1
200754;0;1;1;1;0;1;0;1;1
169402;0;1;1;1;0;1;0;1;1
222032;0;1;1;1;0;1;0;1;1
129597;0;1;1;1;0;1;0;1;1
294494;0;1;1;1;0;1;0;1;1
443928;0;1;1;1;0;1;0;1;1
132441;0;1;1;1;0;1;0;1;1
84025;0;1;1;1;0;1;0;1;1
340465;0;1;1;1;0;1;0;1;1
67081;0;1;1;1;0;1;0;1;1
156147;0;1;1;1;0;1;0;1;1
107247;0;1;1;1;0;1;0;1;1
165895;0;1;1;1;0;1;0;1;1
471293;0;1;1;1;0;1;0;1;1
279860;0;1;1;1;0;1;0;1;1
51848;0;1;1;1;0;1;0;1;1
440741;0;1;1;1;0;1;0;1;1
309006;0;1;1;1;0;1;0;1;1
454523;0;1;1;1;0;1;0;1;1
14782;0;1;1;1;0;1;0;1;1
65719;0;1;1;1;0;1;0;1;1
410759;0;1;1;1;0;1;0;1;1
355409;0;1;1;1;0;1;0;1;1
249064;0;1;1;1;0;1;0;1;1
101334;0;1;1;1;0;1;0;1;1
433166;0;1;1;1;0;1;0;1;1
264863;0;1;1;1;0;1;0;1;1
109497;0;1;1;1;0;1;0;1;1
168212;0;1;1;1;0;1;0;1;1
216200;0;1;1;1;0;1;0;1;1
54338;0;1;1;1;0;1;0;1;1
363380;0;1;1;1;0;1;0;1;1
316424;0;1;1;1;0;1;0;1;1
223943;0;1;1;1;0;1;0;1;1
26176;0;1;1;1;0;1;0;1;1
433348;0;1;1;1;0;1;0;1;1
56485;0;1;1;1;0;1;0;1;1
288531;0;1;1;1;0;1;0;1;1
155337;0;1;1;1;0;1;0;1;1
152212;0;1;1;1;0;1;0;1;1
131367;0;1;1;1;0;1;0;1;1
81916;0;1;1;1;0;1;0;1;1
323837;0;1;1;1;0;1;0;1;1
192214;0;1;1;1;0;1;0;1;1
426308;0;1;1;1;0;1;0;1;1
252406;0;1;1;1;0;1;0;1;1
428770;0;1;1;1;0;1;0;1;1
442371;0;1;1;1;0;1;0;1;1
160844;0;1;1;1;0;1;0;1;1
316741;0;1;1;1;0;1;0;1;1
146073;0;1;1;1;0;1;0;1;1
143744;0;1;1;1;0;1;0;1;1
179406;0;1;1;1;0;1;0;1;1
357103;0;1;1;1;0;1;0;1;1
416060;0;1;1;1;0;1;0;1;1
251151;0;1;1;1;0;1;0;1;1
246326;0;1;1;1;0;1;0;1;1
18411;0;1;1;1;0;1;0;1;1
325879;0;1;1;1;0;1;0;1;1
77238;0;1;1;1;0;1;0;1;1
244818;0;1;1;1;0;1;0;1;1
297102;0;1;1;1;0;1;0;1;1
308682;0;1;1;1;0;1;0;1;1
199518;0;1;1;1;0;1;0;1;1
291513;0;1;1;1;0;1;0;1;1
362681;0;1;1;1;0;1;0;1;1
130908;0;1;1;1;0;1;0;1;1
404536;0;1;1;1;0;1;0;1;1
301790;0;1;1;1;0;1;0;1;1
232542;0;1;1;1;0;1;0;1;1
169383;0;1;1;1;0;1;0;1;1
322052;0;1;1;1;0;1;0;1;1
75521;0;1;1;1;0;1;0;1;1
384510;0;1;1;1;0;1;0;1;1
80827;0;1;1;1;0;1;0;1;1
264932;0;1;1;1;0;1;0;1;1
253639;0;1;1;1;0;1;0;1;1
14703;0;1;1;1;0;1;0;1;1
239103;0;1;1;1;0;1;0;1;1
433497;0;1;1;1;0;1;0;1;1
69937;0;1;1;1;0;1;0;1;1
361572;0;1;1;1;0;1;0;1;1
413944;0;1;1;1;0;1;0;1;1
403556;0;1;1;1;0;1;0;1;1
428228;0;1;1;1;0;1;0;1;1
361023;0;1;1;1;0;1;0;1;1
217510;0;1;1;1;0;1;0;1;1
334448;0;1;1;1;0;1;0;1;1
234847;0;1;1;1;0;1;0;1;1
13952;0;1;1;1;0;1;0;1;1
12007;0;1;1;1;0;1;0;1;1
272971;0;1;1;1;0;1;0;1;1
172979;0;1;1;1;0;1;0;1;1
372167;0;1;1;1;0;1;0;1;1
29926;0;1;1;1;0;1;0;1;1
390187;0;1;1;1;0;1;0;1;1
120564;0;1;1;1;0;1;0;1;1
380261;0;1;1;1;0;1;0;1;1
118171;0;1;1;1;0;1;0;1;1
324438;0;1;1;1;0;1;0;1;1
258846;0;1;1;1;0;1;0;1;1
448549;0;1;1;1;0;1;0;1;1
18613;0;1;1;1;0;1;0;1;1
463976;0;1;1;1;0;1;0;1;1
421315;0;1;1;1;0;1;0;1;1
312879;0;1;1;1;0;1;0;1;1
330176;0;1;1;1;0;1;0;1;1
432914;0;1;1;1;0;1;0;1;1
249440;0;1;1;1;0;1;0;1;1
460497;0;1;1;1;0;1;0;1;1
248530;0;1;1;1;0;1;0;1;1
330522;0;1;1;1;0;1;0;1;1
466149;0;1;1;1;0;1;0;1;1
324717;0;1;1;1;0;1;0;1;1
239679;0;1;1;1;0;1;0;1;1
458036;0;1;1;1;0;1;0;1;1
380015;0;1;1;1;0;1;0;1;1
461268;0;1;1;1;0;1;0;1;1
248480;0;1;1;1;0;1;0;1;1
86167;0;1;1;1;0;1;0;1;1
169499;0;1;1;1;0;1;0;1;1
8230;0;1;1;1;0;1;0;1;1
272090;0;1;1;1;0;1;0;1;1
293889;0;1;1;1;0;1;0;1;1
221425;0;1;1;1;0;1;0;1;1
156906;0;1;1;1;0;1;0;1;1
130294;0;1;1;1;0;1;0;1;1
205300;0;1;1;1;0;1;0;1;1
253861;0;1;1;1;0;1;0;1;1
276271;0;1;1;1;0;1;0;1;1
43492;0;1;1;1;0;1;0;1;1
66744;0;1;1;1;0;1;0;1;1
170357;0;1;1;1;0;1;0;1;1
28059;0;1;1;1;0;1;0;1;1
102136;0;1;1;1;0;1;0;1;1
200159;0;1;1;1;0;1;0;1;1
119366;0;1;1;1;0;1;0;1;1
257250;0;1;1;1;0;1;0;1;1
282484;0;1;1;1;0;1;0;1;1
162327;0;1;1;1;0;1;0;1;1
258392;0;1;1;1;0;1;0;1;1
287470;0;1;1;1;0;1;0;1;1
253246;0;1;1;1;0;1;0;1;1
67503;0;1;1;1;0;1;0;1;1
336839;0;1;1;1;0;1;0;1;1
318621;0;1;1;1;0;1;0;1;1
197321;0;1;1;1;0;1;0;1;1
191083;0;1;1;1;0;1;0;1;1
221054;0;1;1;1;0;1;0;1;1
305927;0;1;1;1;0;1;0;1;1
174504;0;1;1;1;0;1;0;1;1
265970;0;1;1;1;0;1;0;1;1
318911;0;1;1;1;0;1;0;1;1
435963;0;1;1;1;0;1;0;1;1
294105;0;1;1;1;0;1;0;1;1
73242;0;1;1;1;0;1;0;1;1
214225;0;1;1;1;0;1;0;1;1
290145;0;1;1;1;0;1;0;1;1
208003;0;1;1;1;0;1;0;1;1
162804;0;1;1;1;0;1;0;1;1
463776;0;1;1;1;0;1;0;1;1
418839;0;1;1;1;0;1;0;1;1
104530;0;1;1;1;0;1;0;1;1
380335;0;1;1;1;0;1;0;1;1
417702;0;1;1;1;0;1;0;1;1
294964;0;1;1;1;0;1;0;1;1
256633;0;1;1;1;0;1;0;1;1
398695;0;1;1;1;0;1;0;1;1
174826;0;1;1;1;0;1;0;1;1
430977;0;1;1;1;0;1;0;1;1
86425;0;1;1;1;0;1;0;1;1
172870;0;1;1;1;0;1;0;1;1
311130;0;1;1;1;0;1;0;1;1
118608;0;1;1;1;0;1;0;1;1
20691;0;1;1;1;0;1;0;1;1
468046;0;1;1;1;0;1;0;1;1
391301;0;1;1;1;0;1;0;1;1
70979;0;1;1;1;0;1;0;1;1
198211;0;1;1;1;0;1;0;1;1
229035;0;1;1;1;0;1;0;1;1
29239;0;1;1;1;0;1;0;1;1
88183;0;1;1;1;0;1;0;1;1
398637;0;1;1;1;0;1;0;1;1
128819;0;1;1;1;0;1;0;1;1
126335;0;1;1;1;0;1;0;1;1
307230;0;1;1;1;0;1;0;1;1
90441;0;1;1;1;0;1;0;1;1
88059;0;1;1;1;0;1;0;1;1
152925;0;1;1;1;0;1;0;1;1
52892;0;1;1;1;0;1;0;1;1
82678;0;1;1;1;0;1;0;1;1
169354;0;1;1;1;0;1;0;1;1
59183;0;1;1;1;0;1;0;1;1
68969;0;1;1;1;0;1;0;1;1
284237;0;1;1;1;0;1;0;1;1
231655;0;1;1;1;0;1;0;1;1
354809;0;1;1;1;0;1;0;1;1
240070;0;1;1;1;0;1;0;1;1
128272;0;1;1;1;0;1;0;1;1
347416;0;1;1;1;0;1;0;1;1
413160;0;1;1;1;0;1;0;1;1
212961;0;1;1;1;0;1;0;1;1
215467;0;1;1;1;0;1;0;1;1
118296;0;1;1;1;0;1;0;1;1
428247;0;1;1;1;0;1;0;1;1
392151;0;1;1;1;0;1;0;1;1
183328;0;1;1;1;0;1;0;1;1
101793;0;1;1;1;0;1;0;1;1
217125;0;1;1;1;0;1;0;1;1
28724;0;1;1;1;0;1;0;1;1
226797;0;1;1;1;0;1;0;1;1
195499;0;1;1;1;0;1;0;1;1
94004;0;1;1;1;0;1;0;1;1
159327;0;1;1;1;0;1;0;1;1
194824;0;1;1;1;0;1;0;1;1
139047;0;1;1;1;0;1;0;1;1
107499;0;1;1;1;0;1;0;1;1
462503;0;1;1;1;0;1;0;1;1
257102;0;1;1;1;0;1;0;1;1
219140;0;1;1;1;0;1;0;1;1
16605;0;1;1;1;0;1;0;1;1
456238;0;1;1;1;0;1;0;1;1
92547;0;1;1;1;0;1;0;1;1
298534;0;1;1;1;0;1;0;1;1
408829;0;1;1;1;0;1;0;1;1
66180;0;1;1;1;0;1;0;1;1
32275;0;1;1;1;0;1;0;1;1
460327;0;1;1;1;0;1;0;1;1
7541;0;1;1;1;0;1;0;1;1
297212;0;1;1;1;0;1;0;1;1
89487;0;1;1;1;0;1;0;1;1
345409;0;1;1;1;0;1;0;1;1
248387;0;1;1;1;0;1;0;1;1
613;0;1;1;1;0;1;0;1;1
90227;0;1;1;1;0;1;0;1;1
172423;0;1;1;1;0;1;0;1;1
103822;0;1;1;1;0;1;0;1;1
398869;0;1;1;1;0;1;0;1;1
74369;0;1;1;1;0;1;0;1;1
414903;0;1;1;1;0;1;0;1;1
163874;0;1;1;1;0;1;0;1;1
192658;0;1;1;1;0;1;0;1;1
392708;0;1;1;1;0;1;0;1;1
458904;0;1;1;1;0;1;0;1;1
138943;0;1;1;1;0;1;0;1;1
336470;0;1;1;1;0;1;0;1;1
221287;0;1;1;1;0;1;0;1;1
175154;0;1;1;1;0;1;0;1;1
144735;0;1;1;1;0;1;0;1;1
267950;0;1;1;1;0;1;0;1;1
74602;0;1;1;1;0;1;0;1;1
256476;0;1;1;1;0;1;0;1;1
125164;0;1;1;1;0;1;0;1;1
337851;0;1;1;1;0;1;0;1;1
423464;0;1;1;1;0;1;0;1;1
55716;0;1;1;1;0;1;0;1;1
131274;0;1;1;1;0;1;0;1;1
190766;0;1;1;1;0;1;0;1;1
253226;0;1;1;1;0;1;0;1;1
26750;0;1;1;1;0;1;0;1;1
97584;0;1;1;1;0;1;0;1;1
338759;0;1;1;1;0;1;0;1;1
39874;0;1;1;1;0;1;0;1;1
285651;0;1;1;1;0;1;0;1;1
423082;0;1;1;1;0;1;0;1;1
431639;0;1;1;1;0;1;0;1;1
432122;0;1;1;1;0;1;0;1;1
106609;0;1;1;1;0;1;0;1;1
341089;0;1;1;1;0;1;0;1;1
441907;0;1;1;1;0;1;0;1;1
397500;0;1;1;1;0;1;0;1;1
178545;0;1;1;1;0;1;0;1;1
300302;0;1;1;1;0;1;0;1;1
277512;0;1;1;1;0;1;0;1;1
28135;0;1;1;1;0;1;0;1;1
154596;0;1;1;1;0;1;0;1;1
318884;0;1;1;1;0;1;0;1;1
404909;0;1;1;1;0;1;0;1;1
151712;0;1;1;1;0;1;0;1;1
193823;0;1;1;1;0;1;0;1;1
451960;0;1;1;1;0;1;0;1;1
282341;0;1;1;1;0;1;0;1;1
328614;0;1;1;1;0;1;0;1;1
460095;0;1;1;1;0;1;0;1;1
46845;0;1;1;1;0;1;0;1;1
65111;0;1;1;1;0;1;0;1;1
462287;0;1;1;1;0;1;0;1;1
372020;0;1;1;1;0;1;0;1;1
269019;0;1;1;1;0;1;0;1;1
270283;0;1;1;1;0;1;0;1;1
159867;0;1;1;1;0;1;0;1;1
301436;0;1;1;1;0;1;0;1;1
303816;0;1;1;1;0;1;0;1;1
329691;0;1;1;1;0;1;0;1;1
409648;0;1;1;1;0;1;0;1;1
238789;0;1;1;1;0;1;0;1;1
304843;0;1;1;1;0;1;0;1;1
334337;0;1;1;1;0;1;0;1;1
202821;0;1;1;1;0;1;0;1;1
273762;0;1;1;1;0;1;0;1;1
453860;0;1;1;1;0;1;0;1;1
471777;0;1;1;1;0;1;0;1;1
362334;0;1;1;1;0;1;0;1;1
457703;0;1;1;1;0;1;0;1;1
134571;0;1;1;1;0;1;0;1;1
228062;0;1;1;1;0;1;0;1;1
76130;0;1;1;1;0;1;0;1;1
190288;0;1;1;1;0;1;0;1;1
217774;0;1;1;1;0;1;0;1;1
315005;0;1;1;1;0;1;0;1;1
372686;0;1;1;1;0;1;0;1;1
83759;0;1;1;1;0;1;0;1;1
467099;0;1;1;1;0;1;0;1;1
224065;0;1;1;1;0;1;0;1;1
26654;0;1;1;1;0;1;0;1;1
296378;0;1;1;1;0;1;0;1;1
446903;0;1;1;1;0;1;0;1;1
185375;0;1;1;1;0;1;0;1;1
250921;0;1;1;1;0;1;0;1;1
92460;0;1;1;1;0;1;0;1;1
25794;0;1;1;1;0;1;0;1;1
281259;0;1;1;1;0;1;0;1;1
110852;0;1;1;1;0;1;0;1;1
300155;0;1;1;1;0;1;0;1;1
52962;0;1;1;1;0;1;0;1;1
107100;0;1;1;1;0;1;0;1;1
385004;0;1;1;1;0;1;0;1;1
69784;0;1;1;1;0;1;0;1;1
63911;0;1;1;1;0;1;0;1;1
292160;0;1;1;1;0;1;0;1;1
394460;0;1;1;1;0;1;0;1;1
435155;0;1;1;1;0;1;0;1;1
273972;0;1;1;1;0;1;0;1;1
389239;0;1;1;1;0;1;0;1;1
219413;0;1;1;1;0;1;0;1;1
232805;0;1;1;1;0;1;0;1;1
225516;0;1;1;1;0;1;0;1;1
324925;0;1;1;1;0;1;0;1;1
388584;0;1;1;1;0;1;0;1;1
46166;0;1;1;1;0;1;0;1;1
352887;0;1;1;1;0;1;0;1;1
284840;0;1;1;1;0;1;0;1;1
133271;0;1;1;1;0;1;0;1;1
184711;0;1;1;1;0;1;0;1;1
264049;0;1;1;1;0;1;0;1;1
26571;0;1;1;1;0;1;0;1;1
295211;0;1;1;1;0;1;0;1;1
368185;0;1;1;1;0;1;0;1;1
294162;0;1;1;1;0;1;0;1;1
160787;0;1;1;1;0;1;0;1;1
384482;0;1;1;1;0;1;0;1;1
8760;0;1;1;1;0;1;0;1;1
228471;0;1;1;1;0;1;0;1;1
10707;0;1;1;1;0;1;0;1;1
229837;0;1;1;1;0;1;0;1;1
300253;0;1;1;1;0;1;0;1;1
30305;0;1;1;1;0;1;0;1;1
351008;0;1;1;1;0;1;0;1;1
237046;0;1;1;1;0;1;0;1;1
425800;0;1;1;1;0;1;0;1;1
88307;0;1;1;1;0;1;0;1;1
387345;0;1;1;1;0;1;0;1;1
165069;0;1;1;1;0;1;0;1;1
393501;0;1;1;1;0;1;0;1;1
349264;0;1;1;1;0;1;0;1;1
284764;0;1;1;1;0;1;0;1;1
455540;0;1;1;1;0;1;0;1;1
21967;0;1;1;1;0;1;0;1;1
357693;0;1;1;1;0;1;0;1;1
279615;0;1;1;1;0;1;0;1;1
208568;0;1;1;1;0;1;0;1;1
244682;0;1;1;1;0;1;0;1;1
881;0;1;1;1;0;1;0;1;1
305523;0;1;1;1;0;1;0;1;1
68473;0;1;1;1;0;1;0;1;1
453315;0;1;1;1;0;1;0;1;1
450055;0;1;1;1;0;1;0;1;1
322106;0;1;1;1;0;1;0;1;1
448943;0;1;1;1;0;1;0;1;1
311813;0;1;1;1;0;1;0;1;1
427441;0;1;1;1;0;1;0;1;1
322743;0;1;1;1;0;1;0;1;1
372558;0;1;1;1;0;1;0;1;1
307240;0;1;1;1;0;1;0;1;1
132914;0;1;1;1;0;1;0;1;1
411934;0;1;1;1;0;1;0;1;1
229350;0;1;1;1;0;1;0;1;1
453960;0;1;1;1;0;1;0;1;1
300447;0;1;1;1;0;1;0;1;1
460099;0;1;1;1;0;1;0;1;1
184735;0;1;1;1;0;1;0;1;1
225845;0;1;1;1;0;1;0;1;1
256342;0;1;1;1;0;1;0;1;1
407209;0;1;1;1;0;1;0;1;1
212797;0;1;1;1;0;1;0;1;1
104143;0;1;1;1;0;1;0;1;1
199935;0;1;1;1;0;1;0;1;1
263217;0;1;1;1;0;1;0;1;1
101783;0;1;1;1;0;1;0;1;1
466520;0;1;1;1;0;1;0;1;1
270733;0;1;1;1;0;1;0;1;1
405533;0;1;1;1;0;1;0;1;1
141763;0;1;1;1;0;1;0;1;1
237852;0;1;1;1;0;1;0;1;1
453777;0;1;1;1;0;1;0;1;1
411584;0;1;1;1;0;1;0;1;1
354233;0;1;1;1;0;1;0;1;1
307895;0;1;1;1;0;1;0;1;1
311014;0;1;1;1;0;1;0;1;1
47628;0;1;1;1;0;1;0;1;1
149721;0;1;1;1;0;1;0;1;1
142098;0;1;1;1;0;1;0;1;1
408675;0;1;1;1;0;1;0;1;1
83896;0;1;1;1;0;1;0;1;1
395775;0;1;1;1;0;1;0;1;1
204356;0;1;1;1;0;1;0;1;1
119446;0;1;1;1;0;1;0;1;1
8221;0;1;1;1;0;1;0;1;1
166170;0;1;1;1;0;1;0;1;1
450419;0;1;1;1;0;1;0;1;1
322448;0;1;1;1;0;1;0;1;1
247651;0;1;1;1;0;1;0;1;1
257377;0;1;1;1;0;1;0;1;1
265568;0;1;1;1;0;1;0;1;1
9552;0;1;1;1;0;1;0;1;1
143835;0;1;1;1;0;1;0;1;1
462539;0;1;1;1;0;1;0;1;1
356749;0;1;1;1;0;1;0;1;1
359208;0;1;1;1;0;1;0;1;1
273821;0;1;1;1;0;1;0;1;1
447200;0;1;1;1;0;1;0;1;1
197922;0;1;1;1;0;1;0;1;1
456315;0;1;1;1;0;1;0;1;1
278083;0;1;1;1;0;1;0;1;1
437758;0;1;1;1;0;1;0;1;1
264305;0;1;1;1;0;1;0;1;1
460630;0;1;1;1;0;1;0;1;1
248396;0;1;1;1;0;1;0;1;1
444987;0;1;1;1;0;1;0;1;1
252889;0;1;1;1;0;1;0;1;1
18707;0;1;1;1;0;1;0;1;1
38463;0;1;1;1;0;1;0;1;1
392102;0;1;1;1;0;1;0;1;1
230347;0;1;1;1;0;1;0;1;1
17618;0;1;1;1;0;1;0;1;1
118785;0;1;1;1;0;1;0;1;1
200579;0;1;1;1;0;1;0;1;1
447962;0;1;1;1;0;1;0;1;1
253451;0;1;1;1;0;1;0;1;1
183469;0;1;1;1;0;1;0;1;1
71048;0;1;1;1;0;1;0;1;1
34783;0;1;1;1;0;1;0;1;1
53415;0;1;1;1;0;1;0;1;1
340165;0;1;1;1;0;1;0;1;1
217367;0;1;1;1;0;1;0;1;1
374359;0;1;1;1;0;1;0;1;1
252547;0;1;1;1;0;1;0;1;1
261817;0;1;1;1;0;1;0;1;1
240597;0;1;1;1;0;1;0;1;1
176231;0;1;1;1;0;1;0;1;1
59296;0;1;1;1;0;1;0;1;1
407109;0;1;1;1;0;1;0;1;1
359355;0;1;1;1;0;1;0;1;1
272159;0;1;1;1;0;1;0;1;1
329947;0;1;1;1;0;1;0;1;1
392935;0;1;1;1;0;1;0;1;1
440788;0;1;1;1;0;1;0;1;1
111722;0;1;1;1;0;1;0;1;1
274890;0;1;1;1;0;1;0;1;1
295374;0;1;1;1;0;1;0;1;1
454594;0;1;1;1;0;1;0;1;1
462309;0;1;1;1;0;1;0;1;1
218400;0;1;1;1;0;1;0;1;1
412048;0;1;1;1;0;1;0;1;1
268041;0;1;1;1;0;1;0;1;1
295195;0;1;1;1;0;1;0;1;1
272232;0;1;1;1;0;1;0;1;1
377558;0;1;1;1;0;1;0;1;1
129497;0;1;1;1;0;1;0;1;1
238720;0;1;1;1;0;1;0;1;1
363042;0;1;1;1;0;1;0;1;1
171458;0;1;1;1;0;1;0;1;1
183455;0;1;1;1;0;1;0;1;1
10621;0;1;1;1;0;1;0;1;1
292722;0;1;1;1;0;1;0;1;1
69217;0;1;1;1;0;1;0;1;1
202292;0;1;1;1;0;1;0;1;1
396683;0;1;1;1;0;1;0;1;1
129332;0;1;1;1;0;1;0;1;1
179133;0;1;1;1;0;1;0;1;1
292080;0;1;1;1;0;1;0;1;1
388336;0;1;1;1;0;1;0;1;1
31846;0;1;1;1;0;1;0;1;1
126240;0;1;1;1;0;1;0;1;1
415173;0;1;1;1;0;1;0;1;1
303784;0;1;1;1;0;1;0;1;1
97951;0;1;1;1;0;1;0;1;1
26305;0;1;1;1;0;1;0;1;1
237958;0;1;1;1;0;1;0;1;1
277202;0;1;1;1;0;1;0;1;1
292442;0;1;1;1;0;1;0;1;1
153685;0;1;1;1;0;1;0;1;1
17492;0;1;1;1;0;1;0;1;1
45980;0;1;1;1;0;1;0;1;1
445053;0;1;1;1;0;1;0;1;1
108910;0;1;1;1;0;1;0;1;1
88770;0;1;1;1;0;1;0;1;1
442078;0;1;1;1;0;1;0;1;1
119340;0;1;1;1;0;1;0;1;1
261163;0;1;1;1;0;1;0;1;1
385396;0;1;1;1;0;1;0;1;1
67223;0;1;1;1;0;1;0;1;1
61279;0;1;1;1;0;1;0;1;1
121722;0;1;1;1;0;1;0;1;1
230494;0;1;1;1;0;1;0;1;1
106697;0;1;1;1;0;1;0;1;1
9015;0;1;1;1;0;1;0;1;1
167563;0;1;1;1;0;1;0;1;1
172999;0;1;1;1;0;1;0;1;1
240657;0;1;1;1;0;1;0;1;1
373008;0;1;1;1;0;1;0;1;1
387215;0;1;1;1;0;1;0;1;1
205438;0;1;1;1;0;1;0;1;1
363609;0;1;1;1;0;1;0;1;1
225387;0;1;1;1;0;1;0;1;1
221110;0;1;1;1;0;1;0;1;1
458584;0;1;1;1;0;1;0;1;1
237181;0;1;1;1;0;1;0;1;1
240865;0;1;1;1;0;1;0;1;1
344789;0;1;1;1;0;1;0;1;1
1711;0;1;1;1;0;1;0;1;1
260092;0;1;1;1;0;1;0;1;1
42450;0;1;1;1;0;1;0;1;1
48309;0;1;1;1;0;1;0;1;1
58337;0;1;1;1;0;1;0;1;1
78364;0;1;1;1;0;1;0;1;1
132069;0;1;1;1;0;1;0;1;1
132343;0;1;1;1;0;1;0;1;1
144826;0;1;1;1;0;1;0;1;1
354638;0;1;1;1;0;1;0;1;1
256450;0;1;1;1;0;1;0;1;1
191444;0;1;1;1;0;1;0;1;1
211670;0;1;1;1;0;1;0;1;1
309839;0;1;1;1;0;1;0;1;1
92483;0;1;1;1;0;1;0;1;1
90676;0;1;1;1;0;1;0;1;1
452390;0;1;1;1;0;1;0;1;1
220790;0;1;1;1;0;1;0;1;1
392149;0;1;1;1;0;1;0;1;1
348852;0;1;1;1;0;1;0;1;1
253619;0;1;1;1;0;1;0;1;1
180048;0;1;1;1;0;1;0;1;1
175612;0;1;1;1;0;1;0;1;1
61743;0;1;1;1;0;1;0;1;1
321374;0;1;1;1;0;1;0;1;1
322065;0;1;1;1;0;1;0;1;1
38617;0;1;1;1;0;1;0;1;1
111627;0;1;1;1;0;1;0;1;1
31663;0;1;1;1;0;1;0;1;1
388536;0;1;1;1;0;1;0;1;1
221580;0;1;1;1;0;1;0;1;1
362857;0;1;1;1;0;1;0;1;1
437674;0;1;1;1;0;1;0;1;1
205566;0;1;1;1;0;1;0;1;1
75397;0;1;1;1;0;1;0;1;1
102706;0;1;1;1;0;1;0;1;1
313485;0;1;1;1;0;1;0;1;1
87703;0;1;1;1;0;1;0;1;1
282750;0;1;1;1;0;1;0;1;1
455093;0;1;1;1;0;1;0;1;1
243139;0;1;1;1;0;1;0;1;1
163;0;1;1;1;0;1;0;1;1
281393;0;1;1;1;0;1;0;1;1
127341;0;1;1;1;0;1;0;1;1
29845;0;1;1;1;0;1;0;1;1
195071;0;1;1;1;0;1;0;1;1
405667;0;1;1;1;0;1;0;1;1
158229;0;1;1;1;0;1;0;1;1
186791;0;1;1;1;0;1;0;1;1
423417;0;1;1;1;0;1;0;1;1
249881;0;1;1;1;0;1;0;1;1
221085;0;1;1;1;0;1;0;1;1
189960;0;1;1;1;0;1;0;1;1
147381;0;1;1;1;0;1;0;1;1
45882;0;1;1;1;0;1;0;1;1
65620;0;1;1;1;0;1;0;1;1
452173;0;1;1;1;0;1;0;1;1
128143;0;1;1;1;0;1;0;1;1
7356;0;1;1;1;0;1;0;1;1
107012;0;1;1;1;0;1;0;1;1
76610;0;1;1;1;0;1;0;1;1
213929;0;1;1;1;0;1;0;1;1
101845;0;1;1;1;0;1;0;1;1
214664;0;1;1;1;0;1;0;1;1
148733;0;1;1;1;0;1;0;1;1
294018;0;1;1;1;0;1;0;1;1
302786;0;1;1;1;0;1;0;1;1
399156;0;1;1;1;0;1;0;1;1
947;0;1;1;1;0;1;0;1;1
14914;0;1;1;1;0;1;0;1;1
153935;0;1;1;1;0;1;0;1;1
195804;0;1;1;1;0;1;0;1;1
372940;0;1;1;1;0;1;0;1;1
451987;0;1;1;1;0;1;0;1;1
96908;0;1;1;1;0;1;0;1;1
445834;0;1;1;1;0;1;0;1;1
9414;0;1;1;1;0;1;0;1;1
94393;0;1;1;1;0;1;0;1;1
245650;0;1;1;1;0;1;0;1;1
321197;0;1;1;1;0;1;0;1;1
415567;0;1;1;1;0;1;0;1;1
139646;0;1;1;1;0;1;0;1;1
331516;0;1;1;1;0;1;0;1;1
298188;0;1;1;1;0;1;0;1;1
325501;0;1;1;1;0;1;0;1;1
222158;0;1;1;1;0;1;0;1;1
138123;0;1;1;1;0;1;0;1;1
442292;0;1;1;1;0;1;0;1;1
212199;0;1;1;1;0;1;0;1;1
462534;0;1;1;1;0;1;0;1;1
429874;0;1;1;1;0;1;0;1;1
92979;0;1;1;1;0;1;0;1;1
55797;0;1;1;1;0;1;0;1;1
180220;0;1;1;1;0;1;0;1;1
136953;0;1;1;1;0;1;0;1;1
471662;0;1;1;1;0;1;0;1;1
56093;0;1;1;1;0;1;0;1;1
236801;0;1;1;1;0;1;0;1;1
275916;0;1;1;1;0;1;0;1;1
65603;0;1;1;1;0;1;0;1;1
312193;0;1;1;1;0;1;0;1;1
267909;0;1;1;1;0;1;0;1;1
440738;0;1;1;1;0;1;0;1;1
418174;0;1;1;1;0;1;0;1;1
350142;0;1;1;1;0;1;0;1;1
60648;0;1;1;1;0;1;0;1;1
399216;0;1;1;1;0;1;0;1;1
458877;0;1;1;1;0;1;0;1;1
299668;0;1;1;1;0;1;0;1;1
223726;0;1;1;1;0;1;0;1;1
159295;0;1;1;1;0;1;0;1;1
220947;0;1;1;1;0;1;0;1;1
359530;0;1;1;1;0;1;0;1;1
458094;0;1;1;1;0;1;0;1;1
401270;0;1;1;1;0;1;0;1;1
239142;0;1;1;1;0;1;0;1;1
33244;0;1;1;1;0;1;0;1;1
322653;0;1;1;1;0;1;0;1;1
29406;0;1;1;1;0;1;0;1;1
22632;0;1;1;1;0;1;0;1;1
424914;0;1;1;1;0;1;0;1;1
253479;0;1;1;1;0;1;0;1;1
142477;0;1;1;1;0;1;0;1;1
299559;0;1;1;1;0;1;0;1;1
329456;0;1;1;1;0;1;0;1;1
314043;0;1;1;1;0;1;0;1;1
350145;0;1;1;1;0;1;0;1;1
288699;0;1;1;1;0;1;0;1;1
307511;0;1;1;1;0;1;0;1;1
384795;0;1;1;1;0;1;0;1;1
332645;0;1;1;1;0;1;0;1;1
279119;0;1;1;1;0;1;0;1;1
58012;0;1;1;1;0;1;0;1;1
177034;0;1;1;1;0;1;0;1;1
387050;0;1;1;1;0;1;0;1;1
186361;0;1;1;1;0;1;0;1;1
68705;0;1;1;1;0;1;0;1;1
73278;0;1;1;1;0;1;0;1;1
295453;0;1;1;1;0;1;0;1;1
298855;0;1;1;1;0;1;0;1;1
37881;0;1;1;1;0;1;0;1;1
2385;0;1;1;1;0;1;0;1;1
160577;0;1;1;1;0;1;0;1;1
192270;0;1;1;1;0;1;0;1;1
120149;0;1;1;1;0;1;0;1;1
96110;0;1;1;1;0;1;0;1;1
47833;0;1;1;1;0;1;0;1;1
459881;0;1;1;1;0;1;0;1;1
352513;0;1;1;1;0;1;0;1;1
96145;0;1;1;1;0;1;0;1;1
284278;0;1;1;1;0;1;0;1;1
403763;0;1;1;1;0;1;0;1;1
363886;0;1;1;1;0;1;0;1;1
177497;0;1;1;1;0;1;0;1;1
23770;0;1;1;1;0;1;0;1;1
150811;0;1;1;1;0;1;0;1;1
351559;0;1;1;1;0;1;0;1;1
75793;0;1;1;1;0;1;0;1;1
224040;0;1;1;1;0;1;0;1;1
92841;0;1;1;1;0;1;0;1;1
161937;0;1;1;1;0;1;0;1;1
224892;0;1;1;1;0;1;0;1;1
353828;0;1;1;1;0;1;0;1;1
276560;0;1;1;1;0;1;0;1;1
111151;0;1;1;1;0;1;0;1;1
33882;0;1;1;1;0;1;0;1;1
12635;0;1;1;1;0;1;0;1;1
62670;0;1;1;1;0;1;0;1;1
145068;0;1;1;1;0;1;0;1;1
106409;0;1;1;1;0;1;0;1;1
51306;0;1;1;1;0;1;0;1;1
202418;0;1;1;1;0;1;0;1;1
408237;0;1;1;1;0;1;0;1;1
382772;0;1;1;1;0;1;0;1;1
106201;0;1;1;1;0;1;0;1;1
88404;0;1;1;1;0;1;0;1;1
452788;0;1;1;1;0;1;0;1;1
75276;0;1;1;1;0;1;0;1;1
232675;0;1;1;1;0;1;0;1;1
43065;0;1;1;1;0;1;0;1;1
129820;0;1;1;1;0;1;0;1;1
141740;0;1;1;1;0;1;0;1;1
61752;0;1;1;1;0;1;0;1;1
429174;0;1;1;1;0;1;0;1;1
40324;0;1;1;1;0;1;0;1;1
109933;0;1;1;1;0;1;0;1;1
119957;0;1;1;1;0;1;0;1;1
103047;0;1;1;1;0;1;0;1;1
178787;0;1;1;1;0;1;0;1;1
310453;0;1;1;1;0;1;0;1;1
235125;0;1;1;1;0;1;0;1;1
47121;0;1;1;1;0;1;0;1;1
473;0;1;1;1;0;1;0;1;1
403412;0;1;1;1;0;1;0;1;1
209435;0;1;1;1;0;1;0;1;1
389673;0;1;1;1;0;1;0;1;1
323748;0;1;1;1;0;1;0;1;1
328237;0;1;1;1;0;1;0;1;1
137087;0;1;1;1;0;1;0;1;1
13411;0;1;1;1;0;1;0;1;1
253457;0;1;1;1;0;1;0;1;1
149034;0;1;1;1;0;1;0;1;1
2259;0;1;1;1;0;1;0;1;1
282723;0;1;1;1;0;1;0;1;1
335170;0;1;1;1;0;1;0;1;1
103373;0;1;1;1;0;1;0;1;1
125397;0;1;1;1;0;1;0;1;1
38736;0;1;1;1;0;1;0;1;1
294805;0;1;1;1;0;1;0;1;1
154605;0;1;1;1;0;1;0;1;1
441860;0;1;1;1;0;1;0;1;1
466066;0;1;1;1;0;1;0;1;1
314206;0;1;1;1;0;1;0;1;1
270778;0;1;1;1;0;1;0;1;1
141643;0;1;1;1;0;1;0;1;1
464996;0;1;1;1;0;1;0;1;1
27697;0;1;1;1;0;1;0;1;1
370310;0;1;1;1;0;1;0;1;1
270071;0;1;1;1;0;1;0;1;1
7961;0;1;1;1;0;1;0;1;1
373385;0;1;1;1;0;1;0;1;1
334686;0;1;1;1;0;1;0;1;1
155939;0;1;1;1;0;1;0;1;1
367915;0;1;1;1;0;1;0;1;1
13668;0;1;1;1;0;1;0;1;1
260789;0;1;1;1;0;1;0;1;1
30755;0;1;1;1;0;1;0;1;1
41710;0;1;1;1;0;1;0;1;1
397303;0;1;1;1;0;1;0;1;1
443840;0;1;1;1;0;1;0;1;1
185837;0;1;1;1;0;1;0;1;1
443422;0;1;1;1;0;1;0;1;1
70600;0;1;1;1;0;1;0;1;1
446443;0;1;1;1;0;1;0;1;1
161306;0;1;1;1;0;1;0;1;1
216606;0;1;1;1;0;1;0;1;1
84788;0;1;1;1;0;1;0;1;1
122333;0;1;1;1;0;1;0;1;1
223820;0;1;1;1;0;1;0;1;1
307487;0;1;1;1;0;1;0;1;1
470575;0;1;1;1;0;1;0;1;1
271394;0;1;1;1;0;1;0;1;1
31308;0;1;1;1;0;1;0;1;1
61369;0;1;1;1;0;1;0;1;1
201986;0;1;1;1;0;1;0;1;1
433100;0;1;1;1;0;1;0;1;1
170293;0;1;1;1;0;1;0;1;1
305259;0;1;1;1;0;1;0;1;1
197001;0;1;1;1;0;1;0;1;1
391385;0;1;1;1;0;1;0;1;1
376273;0;1;1;1;0;1;0;1;1
58873;0;1;1;1;0;1;0;1;1
193697;0;1;1;1;0;1;0;1;1
37112;0;1;1;1;0;1;0;1;1
447851;0;1;1;1;0;1;0;1;1
20860;0;1;1;1;0;1;0;1;1
159123;0;1;1;1;0;1;0;1;1
154976;0;1;1;1;0;1;0;1;1
445901;0;1;1;1;0;1;0;1;1
209428;0;1;1;1;0;1;0;1;1
387998;0;1;1;1;0;1;0;1;1
211227;0;1;1;1;0;1;0;1;1
465521;0;1;1;1;0;1;0;1;1
87425;0;1;1;1;0;1;0;1;1
142781;0;1;1;1;0;1;0;1;1
185428;0;1;1;1;0;1;0;1;1
143004;0;1;1;1;0;1;0;1;1
92240;0;1;1;1;0;1;0;1;1
29284;0;1;1;1;0;1;0;1;1
228072;0;1;1;1;0;1;0;1;1
76559;0;1;1;1;0;1;0;1;1
332012;0;1;1;1;0;1;0;1;1
250047;0;1;1;1;0;1;0;1;1
220874;0;1;1;1;0;1;0;1;1
383056;0;1;1;1;0;1;0;1;1
197748;0;1;1;1;0;1;0;1;1
326145;0;1;1;1;0;1;0;1;1
138518;0;1;1;1;0;1;0;1;1
430428;0;1;1;1;0;1;0;1;1
257003;0;1;1;1;0;1;0;1;1
403795;0;1;1;1;0;1;0;1;1
464263;0;1;1;1;0;1;0;1;1
435167;0;1;1;1;0;1;0;1;1
114837;0;1;1;1;0;1;0;1;1
152878;0;1;1;1;0;1;0;1;1
453503;0;1;1;1;0;1;0;1;1
418982;0;1;1;1;0;1;0;1;1
171237;0;1;1;1;0;1;0;1;1
40141;0;1;1;1;0;1;0;1;1
160280;0;1;1;1;0;1;0;1;1
308293;0;1;1;1;0;1;0;1;1
21205;0;1;1;1;0;1;0;1;1
289418;0;1;1;1;0;1;0;1;1
80628;0;1;1;1;0;1;0;1;1
87676;0;1;1;1;0;1;0;1;1
28333;0;1;1;1;0;1;0;1;1
341060;0;1;1;1;0;1;0;1;1
289913;0;1;1;1;0;1;0;1;1
303618;0;1;1;1;0;1;0;1;1
435346;0;1;1;1;0;1;0;1;1
368220;0;1;1;1;0;1;0;1;1
392717;0;1;1;1;0;1;0;1;1
264210;0;1;1;1;0;1;0;1;1
94718;0;1;1;1;0;1;0;1;1
401791;0;1;1;1;0;1;0;1;1
421927;0;1;1;1;0;1;0;1;1
323029;0;1;1;1;0;1;0;1;1
132597;0;1;1;1;0;1;0;1;1
419934;0;1;1;1;0;1;0;1;1
359741;0;1;1;1;0;1;0;1;1
332928;0;1;1;1;0;1;0;1;1
197161;0;1;1;1;0;1;0;1;1
153197;0;1;1;1;0;1;0;1;1
308107;0;1;1;1;0;1;0;1;1
155737;0;1;1;1;0;1;0;1;1
89139;0;1;1;1;0;1;0;1;1
202023;0;1;1;1;0;1;0;1;1
38331;0;1;1;1;0;1;0;1;1
190284;0;1;1;1;0;1;0;1;1
321784;0;1;1;1;0;1;0;1;1
84168;0;1;1;1;0;1;0;1;1
318460;0;1;1;1;0;1;0;1;1
95016;0;1;1;1;0;1;0;1;1
118234;0;1;1;1;0;1;0;1;1
161166;0;1;1;1;0;1;0;1;1
296320;0;1;1;1;0;1;0;1;1
32917;0;1;1;1;0;1;0;1;1
395333;0;1;1;1;0;1;0;1;1
64965;0;1;1;1;0;1;0;1;1
185019;0;1;1;1;0;1;0;1;1
94363;0;1;1;1;0;1;0;1;1
327933;0;1;1;1;0;1;0;1;1
57497;0;1;1;1;0;1;0;1;1
250776;0;1;1;1;0;1;0;1;1
335410;0;1;1;1;0;1;0;1;1
182446;0;1;1;1;0;1;0;1;1
340170;0;1;1;1;0;1;0;1;1
212855;0;1;1;1;0;1;0;1;1
378245;0;1;1;1;0;1;0;1;1
270360;0;1;1;1;0;1;0;1;1
326592;0;1;1;1;0;1;0;1;1
273582;0;1;1;1;0;1;0;1;1
73128;0;1;1;1;0;1;0;1;1
14458;0;1;1;1;0;1;0;1;1
299427;0;1;1;1;0;1;0;1;1
213752;0;1;1;1;0;1;0;1;1
118270;0;1;1;1;0;1;0;1;1
304147;0;1;1;1;0;1;0;1;1
88317;0;1;1;1;0;1;0;1;1
237228;0;1;1;1;0;1;0;1;1
392239;0;1;1;1;0;1;0;1;1
15224;0;1;1;1;0;1;0;1;1
208604;0;1;1;1;0;1;0;1;1
36265;0;1;1;1;0;1;0;1;1
115008;0;1;1;1;0;1;0;1;1
7110;0;1;1;1;0;1;0;1;1
287673;0;1;1;1;0;1;0;1;1
29418;0;1;1;1;0;1;0;1;1
114503;0;1;1;1;0;1;0;1;1
270198;0;1;1;1;0;1;0;1;1
403227;0;1;1;1;0;1;0;1;1
386422;0;1;1;1;0;1;0;1;1
257501;0;1;1;1;0;1;0;1;1
99515;0;1;1;1;0;1;0;1;1
105171;0;1;1;1;0;1;0;1;1
39931;0;1;1;1;0;1;0;1;1
193543;0;1;1;1;0;1;0;1;1
77373;0;1;1;1;0;1;0;1;1
59370;0;1;1;1;0;1;0;1;1
351429;0;1;1;1;0;1;0;1;1
377836;0;1;1;1;0;1;0;1;1
101485;0;1;1;1;0;1;0;1;1
423867;0;1;1;1;0;1;0;1;1
6918;0;1;1;1;0;1;0;1;1
194411;0;1;1;1;0;1;0;1;1
123600;0;1;1;1;0;1;0;1;1
132805;0;1;1;1;0;1;0;1;1
364768;0;1;1;1;0;1;0;1;1
355702;0;1;1;1;0;1;0;1;1
48749;0;1;1;1;0;1;0;1;1
135079;0;1;1;1;0;1;0;1;1
222615;0;1;1;1;0;1;0;1;1
230211;0;1;1;1;0;1;0;1;1
284660;0;1;1;1;0;1;0;1;1
55624;0;1;1;1;0;1;0;1;1
176516;0;1;1;1;0;1;0;1;1
69099;0;1;1;1;0;1;0;1;1
79298;0;1;1;1;0;1;0;1;1
368957;0;1;1;1;0;1;0;1;1
322017;0;1;1;1;0;1;0;1;1
17341;0;1;1;1;0;1;0;1;1
307768;0;1;1;1;0;1;0;1;1
170638;0;1;1;1;0;1;0;1;1
397374;0;1;1;1;0;1;0;1;1
71688;0;1;1;1;0;1;0;1;1
342486;0;1;1;1;0;1;0;1;1
158769;0;1;1;1;0;1;0;1;1
344682;0;1;1;1;0;1;0;1;1
67719;0;1;1;1;0;1;0;1;1
412797;0;1;1;1;0;1;0;1;1
356225;0;1;1;1;0;1;0;1;1
350728;0;1;1;1;0;1;0;1;1
336828;0;1;1;1;0;1;0;1;1
364792;0;1;1;1;0;1;0;1;1
122479;0;1;1;1;0;1;0;1;1
328955;0;1;1;1;0;1;0;1;1
464634;0;1;1;1;0;1;0;1;1
362101;0;1;1;1;0;1;0;1;1
77624;0;1;1;1;0;1;0;1;1
28105;0;1;1;1;0;1;0;1;1
206436;0;1;1;1;0;1;0;1;1
153709;0;1;1;1;0;1;0;1;1
365000;0;1;1;1;0;1;0;1;1
304022;0;1;1;1;0;1;0;1;1
245140;0;1;1;1;0;1;0;1;1
377615;0;1;1;1;0;1;0;1;1
102957;0;1;1;1;0;1;0;1;1
195839;0;1;1;1;0;1;0;1;1
241600;0;1;1;1;0;1;0;1;1
95287;0;1;1;1;0;1;0;1;1
85721;0;1;1;1;0;1;0;1;1
247134;0;1;1;1;0;1;0;1;1
156848;0;1;1;1;0;1;0;1;1
162022;0;1;1;1;0;1;0;1;1
81138;0;1;1;1;0;1;0;1;1
264862;0;1;1;1;0;1;0;1;1
226471;0;1;1;1;0;1;0;1;1
111412;0;1;1;1;0;1;0;1;1
423497;0;1;1;1;0;1;0;1;1
191247;0;1;1;1;0;1;0;1;1
173241;0;1;1;1;0;1;0;1;1
265368;0;1;1;1;0;1;0;1;1
70696;0;1;1;1;0;1;0;1;1
399865;0;1;1;1;0;1;0;1;1
69647;0;1;1;1;0;1;0;1;1
463212;0;1;1;1;0;1;0;1;1
96062;0;1;1;1;0;1;0;1;1
80443;0;1;1;1;0;1;0;1;1
8128;0;1;1;1;0;1;0;1;1
467861;0;1;1;1;0;1;0;1;1
468900;0;1;1;1;0;1;0;1;1
37603;0;1;1;1;0;1;0;1;1
68001;0;1;1;1;0;1;0;1;1
381671;0;1;1;1;0;1;0;1;1
428760;0;1;1;1;0;1;0;1;1
380532;0;1;1;1;0;1;0;1;1
83549;0;1;1;1;0;1;0;1;1
441519;0;1;1;1;0;1;0;1;1
139291;0;1;1;1;0;1;0;1;1
180822;0;1;1;1;0;1;0;1;1
201935;0;1;1;1;0;1;0;1;1
90790;0;1;1;1;0;1;0;1;1
457463;0;1;1;1;0;1;0;1;1
304262;0;1;1;1;0;1;0;1;1
303333;0;1;1;1;0;1;0;1;1
102086;0;1;1;1;0;1;0;1;1
268706;0;1;1;1;0;1;0;1;1
164548;0;1;1;1;0;1;0;1;1
149274;0;1;1;1;0;1;0;1;1
43775;0;1;1;1;0;1;0;1;1
201570;0;1;1;1;0;1;0;1;1
459330;0;1;1;1;0;1;0;1;1
198136;0;1;1;1;0;1;0;1;1
59654;0;1;1;1;0;1;0;1;1
436361;0;1;1;1;0;1;0;1;1
263450;0;1;1;1;0;1;0;1;1
360066;0;1;1;1;0;1;0;1;1
396020;0;1;1;1;0;1;0;1;1
251180;0;1;1;1;0;1;0;1;1
161196;0;1;1;1;0;1;0;1;1
98848;0;1;1;1;0;1;0;1;1
399969;0;1;1;1;0;1;0;1;1
327305;0;1;1;1;0;1;0;1;1
35840;0;1;1;1;0;1;0;1;1
51473;0;1;1;1;0;1;0;1;1
187789;0;1;1;1;0;1;0;1;1
318274;0;1;1;1;0;1;0;1;1
315696;0;1;1;1;0;1;0;1;1
395814;0;1;1;1;0;1;0;1;1
335610;0;1;1;1;0;1;0;1;1
258867;0;1;1;1;0;1;0;1;1
50675;0;1;1;1;0;1;0;1;1
424150;0;1;1;1;0;1;0;1;1
23923;0;1;1;1;0;1;0;1;1
17274;0;1;1;1;0;1;0;1;1
318819;0;1;1;1;0;1;0;1;1
332715;0;1;1;1;0;1;0;1;1
9472;0;1;1;1;0;1;0;1;1
276153;0;1;1;1;0;1;0;1;1
348214;0;1;1;1;0;1;0;1;1
207084;0;1;1;1;0;1;0;1;1
163651;0;1;1;1;0;1;0;1;1
1608;0;1;1;1;0;1;0;1;1
458273;0;1;1;1;0;1;0;1;1
453094;0;1;1;1;0;1;0;1;1
237597;0;1;1;1;0;1;0;1;1
14110;0;1;1;1;0;1;0;1;1
267612;0;1;1;1;0;1;0;1;1
53363;0;1;1;1;0;1;0;1;1
230810;0;1;1;1;0;1;0;1;1
113641;0;1;1;1;0;1;0;1;1
146279;0;1;1;1;0;1;0;1;1
311982;0;1;1;1;0;1;0;1;1
47985;0;1;1;1;0;1;0;1;1
130711;0;1;1;1;0;1;0;1;1
289842;0;1;1;1;0;1;0;1;1
439368;0;1;1;1;0;1;0;1;1
198116;0;1;1;1;0;1;0;1;1
250137;0;1;1;1;0;1;0;1;1
355156;0;1;1;1;0;1;0;1;1
268;0;1;1;1;0;1;0;1;1
135983;0;1;1;1;0;1;0;1;1
21588;0;1;1;1;0;1;0;1;1
169650;0;1;1;1;0;1;0;1;1
421679;0;1;1;1;0;1;0;1;1
281427;0;1;1;1;0;1;0;1;1
404953;0;1;1;1;0;1;0;1;1
21662;0;1;1;1;0;1;0;1;1
458605;0;1;1;1;0;1;0;1;1
12435;0;1;1;1;0;1;0;1;1
176372;0;1;1;1;0;1;0;1;1
11336;0;1;1;1;0;1;0;1;1
424171;0;1;1;1;0;1;0;1;1
460769;0;1;1;1;0;1;0;1;1
70294;0;1;1;1;0;1;0;1;1
381580;0;1;1;1;0;1;0;1;1
37420;0;1;1;1;0;1;0;1;1
396358;0;1;1;1;0;1;0;1;1
338465;0;1;1;1;0;1;0;1;1
305636;0;1;1;1;0;1;0;1;1
3407;0;1;1;1;0;1;0;1;1
4842;0;1;1;1;0;1;0;1;1
