,img,c0,c1,c2,c3,c4,c5,c6,c7,c8,c9,true_label
6445,img_100828.jpg,0.02,0.00,0.00,0.81,0.08,0.00,0.00,0.00,0.00,0.09,0
5704,img_100922.jpg,0.41,0.00,0.00,0.00,0.00,0.00,0.00,0.00,0.03,0.55,0
4702,img_101613.jpg,0.03,0.00,0.04,0.00,0.22,0.00,0.00,0.17,0.01,0.52,0
7329,img_101668.jpg,0.49,0.00,0.00,0.00,0.00,0.00,0.00,0.00,0.00,0.51,0
3921,img_102025.jpg,0.48,0.00,0.00,0.00,0.00,0.00,0.00,0.00,0.00,0.52,0
6486,img_10446.jpg,0.36,0.00,0.00,0.00,0.04,0.00,0.00,0.01,0.01,0.58,0
7251,img_10514.jpg,0.50,0.00,0.00,0.00,0.00,0.00,0.00,0.00,0.00,0.50,0
6474,img_10741.jpg,0.01,0.00,0.00,0.00,0.00,0.00,0.00,0.00,0.93,0.05,0
6425,img_10792.jpg,0.04,0.00,0.00,0.00,0.00,0.00,0.00,0.00,0.02,0.93,0
3954,img_1236.jpg,0.26,0.05,0.00,0.00,0.00,0.00,0.00,0.27,0.04,0.38,0
1007,img_12470.jpg,0.00,0.00,0.00,0.00,0.00,0.00,0.00,0.00,0.00,1.00,0
3919,img_12772.jpg,0.50,0.00,0.00,0.00,0.00,0.00,0.00,0.00,0.00,0.50,0
7290,img_139.jpg,0.48,0.00,0.00,0.00,0.00,0.00,0.00,0.00,0.00,0.52,0
7259,img_13907.jpg,0.50,0.00,0.00,0.00,0.00,0.00,0.00,0.00,0.00,0.50,0
2181,img_14223.jpg,0.00,0.00,0.00,0.00,0.00,0.00,0.00,0.48,0.00,0.52,0
2192,img_14399.jpg,0.30,0.00,0.00,0.00,0.00,0.00,0.00,0.00,0.00,0.69,0
7330,img_14552.jpg,0.49,0.00,0.00,0.00,0.00,0.00,0.00,0.00,0.00,0.51,0
2157,img_14903.jpg,0.01,0.00,0.00,0.01,0.00,0.00,0.00,0.00,0.49,0.49,0
6487,img_14979.jpg,0.30,0.00,0.00,0.00,0.02,0.00,0.00,0.02,0.02,0.64,0
940,img_15310.jpg,0.05,0.00,0.00,0.00,0.00,0.00,0.00,0.00,0.00,0.95,0
2208,img_15760.jpg,0.42,0.00,0.00,0.00,0.50,0.00,0.00,0.00,0.00,0.08,0
4703,img_15855.jpg,0.07,0.00,0.06,0.00,0.06,0.00,0.00,0.23,0.03,0.54,0
2182,img_16345.jpg,0.01,0.00,0.00,0.00,0.00,0.00,0.00,0.17,0.00,0.81,0
2177,img_16355.jpg,0.09,0.00,0.00,0.00,0.01,0.01,0.00,0.10,0.00,0.79,0
2178,img_16474.jpg,0.37,0.00,0.00,0.00,0.00,0.00,0.00,0.00,0.00,0.63,0
6468,img_16575.jpg,0.16,0.00,0.00,0.01,0.01,0.00,0.00,0.00,0.00,0.83,0
7273,img_16714.jpg,0.39,0.00,0.00,0.00,0.00,0.01,0.00,0.00,0.00,0.59,0
6464,img_17515.jpg,0.24,0.00,0.00,0.01,0.00,0.00,0.00,0.00,0.00,0.75,0
878,img_17767.jpg,0.44,0.00,0.00,0.00,0.00,0.00,0.00,0.00,0.00,0.55,0
3953,img_18738.jpg,0.09,0.01,0.00,0.00,0.00,0.00,0.00,0.10,0.03,0.76,0
880,img_18895.jpg,0.47,0.00,0.00,0.00,0.00,0.00,0.00,0.00,0.04,0.49,0
6475,img_19386.jpg,0.07,0.00,0.00,0.00,0.00,0.04,0.00,0.00,0.45,0.44,0
3901,img_1942.jpg,0.22,0.00,0.00,0.00,0.00,0.00,0.00,0.00,0.00,0.78,0
5705,img_20727.jpg,0.35,0.00,0.00,0.00,0.00,0.00,0.00,0.00,0.03,0.62,0
7271,img_2076.jpg,0.50,0.00,0.00,0.00,0.00,0.00,0.00,0.00,0.00,0.50,0
2180,img_2093.jpg,0.00,0.00,0.00,0.00,0.00,0.00,0.00,0.49,0.00,0.51,0
7310,img_21699.jpg,0.00,0.00,0.00,0.00,0.00,0.00,0.00,0.00,0.00,1.00,0
2171,img_21731.jpg,0.02,0.00,0.00,0.00,0.96,0.00,0.00,0.00,0.00,0.01,0
6482,img_21767.jpg,0.12,0.00,0.00,0.00,0.00,0.00,0.00,0.00,0.53,0.35,0
2125,img_22029.jpg,0.09,0.01,0.01,0.00,0.01,0.00,0.00,0.07,0.15,0.66,0
3900,img_2236.jpg,0.02,0.00,0.00,0.00,0.00,0.00,0.00,0.00,0.00,0.98,0
4701,img_22750.jpg,0.02,0.00,0.05,0.00,0.13,0.00,0.00,0.24,0.02,0.54,0
7246,img_23142.jpg,0.49,0.00,0.00,0.00,0.00,0.00,0.00,0.00,0.00,0.51,0
7286,img_23298.jpg,0.48,0.00,0.00,0.00,0.00,0.00,0.00,0.00,0.00,0.52,0
6501,img_2380.jpg,0.14,0.00,0.00,0.00,0.00,0.00,0.00,0.00,0.00,0.86,0
889,img_24638.jpg,0.27,0.00,0.00,0.00,0.00,0.00,0.00,0.00,0.04,0.68,0
881,img_24692.jpg,0.35,0.00,0.00,0.00,0.00,0.00,0.00,0.00,0.03,0.62,0
879,img_2528.jpg,0.20,0.00,0.00,0.00,0.00,0.00,0.00,0.00,0.03,0.77,0
6467,img_27480.jpg,0.03,0.00,0.00,0.00,0.01,0.00,0.00,0.00,0.00,0.96,0
7321,img_27760.jpg,0.06,0.00,0.00,0.00,0.00,0.00,0.00,0.00,0.00,0.94,0
6480,img_27877.jpg,0.01,0.00,0.00,0.00,0.00,0.00,0.00,0.00,0.97,0.02,0
3951,img_28569.jpg,0.22,0.02,0.00,0.00,0.00,0.00,0.00,0.11,0.02,0.62,0
7253,img_28578.jpg,0.35,0.00,0.00,0.00,0.00,0.00,0.00,0.00,0.00,0.65,0
7247,img_29357.jpg,0.48,0.00,0.00,0.00,0.00,0.00,0.00,0.00,0.00,0.52,0
7332,img_29918.jpg,0.49,0.00,0.00,0.00,0.00,0.00,0.00,0.00,0.00,0.51,0
1008,img_29923.jpg,0.00,0.00,0.00,0.00,0.00,0.00,0.00,0.00,0.00,0.99,0
6460,img_30060.jpg,0.44,0.00,0.00,0.00,0.00,0.00,0.00,0.00,0.00,0.55,0
6490,img_30520.jpg,0.32,0.00,0.00,0.00,0.02,0.00,0.00,0.03,0.02,0.61,0
6424,img_31068.jpg,0.06,0.00,0.00,0.00,0.01,0.00,0.06,0.01,0.53,0.33,0
7284,img_31076.jpg,0.49,0.00,0.00,0.00,0.00,0.00,0.00,0.00,0.00,0.51,0
3911,img_31094.jpg,0.44,0.00,0.00,0.00,0.00,0.00,0.00,0.00,0.00,0.56,0
884,img_31460.jpg,0.46,0.00,0.00,0.00,0.00,0.00,0.00,0.00,0.04,0.49,0
876,img_31808.jpg,0.33,0.00,0.00,0.00,0.00,0.00,0.00,0.00,0.00,0.67,0
6494,img_32153.jpg,0.20,0.00,0.00,0.00,0.00,0.00,0.00,0.00,0.00,0.80,0
3959,img_32321.jpg,0.30,0.02,0.00,0.00,0.00,0.00,0.00,0.00,0.06,0.62,0
7307,img_32714.jpg,0.00,0.00,0.00,0.00,0.00,0.00,0.00,0.00,0.00,1.00,0
7264,img_32990.jpg,0.50,0.00,0.00,0.00,0.00,0.00,0.00,0.00,0.00,0.50,0
3905,img_32994.jpg,0.37,0.00,0.00,0.00,0.00,0.00,0.00,0.00,0.00,0.63,0
7302,img_3349.jpg,0.44,0.00,0.00,0.00,0.00,0.00,0.00,0.00,0.00,0.56,0
6430,img_33768.jpg,0.23,0.00,0.00,0.00,0.03,0.00,0.01,0.07,0.02,0.64,0
6492,img_34028.jpg,0.00,0.00,0.00,0.00,0.00,0.00,0.00,0.00,0.00,1.00,0
877,img_34091.jpg,0.43,0.00,0.00,0.00,0.00,0.00,0.00,0.00,0.00,0.57,0
7281,img_34092.jpg,0.39,0.00,0.00,0.00,0.00,0.00,0.00,0.00,0.00,0.61,0
6484,img_34224.jpg,0.38,0.00,0.00,0.00,0.00,0.00,0.00,0.00,0.00,0.62,0
7315,img_35189.jpg,0.50,0.00,0.00,0.00,0.00,0.00,0.00,0.00,0.00,0.50,0
6466,img_35525.jpg,0.47,0.00,0.00,0.00,0.00,0.00,0.00,0.00,0.00,0.53,0
906,img_35642.jpg,0.42,0.00,0.00,0.00,0.00,0.00,0.00,0.00,0.02,0.56,0
7242,img_35809.jpg,0.48,0.00,0.00,0.00,0.00,0.00,0.00,0.00,0.00,0.52,0
5680,img_36287.jpg,0.29,0.00,0.08,0.00,0.00,0.00,0.00,0.00,0.00,0.63,0
2183,img_36300.jpg,0.04,0.00,0.00,0.00,0.00,0.00,0.00,0.06,0.01,0.89,0
6432,img_36354.jpg,0.06,0.00,0.00,0.00,0.00,0.01,0.01,0.06,0.13,0.73,0
6465,img_36597.jpg,0.45,0.00,0.00,0.00,0.00,0.00,0.00,0.00,0.00,0.55,0
7300,img_36854.jpg,0.50,0.00,0.00,0.00,0.00,0.00,0.00,0.00,0.00,0.50,0
2159,img_36959.jpg,0.47,0.00,0.00,0.00,0.00,0.00,0.00,0.00,0.00,0.53,0
5706,img_375.jpg,0.29,0.00,0.01,0.00,0.00,0.01,0.00,0.00,0.04,0.66,0
7260,img_38288.jpg,0.48,0.00,0.00,0.00,0.00,0.00,0.00,0.00,0.00,0.52,0
2144,img_38469.jpg,0.49,0.00,0.00,0.00,0.00,0.00,0.00,0.00,0.00,0.51,0
2204,img_38514.jpg,0.09,0.00,0.00,0.00,0.66,0.01,0.00,0.00,0.00,0.24,0
3899,img_38722.jpg,0.01,0.00,0.00,0.00,0.00,0.00,0.00,0.00,0.00,0.99,0
6426,img_38766.jpg,0.00,0.00,0.00,0.00,0.00,0.00,0.00,0.01,0.00,0.98,0
6434,img_39126.jpg,0.14,0.00,0.00,0.00,0.01,0.00,0.00,0.02,0.02,0.80,0
6470,img_39359.jpg,0.28,0.00,0.00,0.00,0.00,0.00,0.00,0.01,0.06,0.65,0
6497,img_39447.jpg,0.04,0.00,0.00,0.00,0.02,0.00,0.00,0.00,0.01,0.92,0
2118,img_40374.jpg,0.29,0.00,0.00,0.26,0.02,0.00,0.00,0.00,0.42,0.00,0
910,img_4054.jpg,0.48,0.00,0.00,0.00,0.00,0.00,0.00,0.00,0.02,0.50,0
7274,img_40733.jpg,0.47,0.00,0.00,0.00,0.00,0.01,0.00,0.00,0.00,0.53,0
6439,img_40742.jpg,0.14,0.00,0.00,0.00,0.00,0.00,0.00,0.04,0.15,0.66,0
3956,img_41128.jpg,0.01,0.01,0.00,0.00,0.00,0.00,0.00,0.00,0.00,0.98,0
2164,img_41847.jpg,0.06,0.01,0.00,0.00,0.00,0.00,0.00,0.20,0.02,0.71,0
6431,img_42144.jpg,0.29,0.00,0.00,0.00,0.02,0.00,0.01,0.09,0.04,0.56,0
6436,img_42336.jpg,0.26,0.00,0.00,0.00,0.08,0.01,0.01,0.15,0.07,0.41,0
2127,img_42587.jpg,0.15,0.00,0.00,0.00,0.02,0.00,0.00,0.02,0.31,0.49,0
3958,img_42643.jpg,0.13,0.04,0.00,0.00,0.00,0.00,0.00,0.00,0.05,0.77,0
2154,img_42723.jpg,0.05,0.00,0.00,0.01,0.00,0.00,0.00,0.11,0.29,0.54,0
6458,img_42766.jpg,0.38,0.00,0.00,0.05,0.06,0.00,0.00,0.00,0.00,0.51,0
891,img_42798.jpg,0.28,0.00,0.00,0.00,0.00,0.00,0.00,0.00,0.02,0.70,0
6472,img_4362.jpg,0.01,0.00,0.00,0.00,0.00,0.00,0.00,0.00,0.63,0.36,0
5682,img_43623.jpg,0.33,0.00,0.04,0.00,0.00,0.00,0.00,0.00,0.01,0.61,0
6491,img_43775.jpg,0.07,0.00,0.00,0.00,0.00,0.00,0.00,0.00,0.00,0.92,0
3918,img_4399.jpg,0.48,0.00,0.00,0.00,0.00,0.00,0.00,0.00,0.00,0.52,0
909,img_45499.jpg,0.24,0.00,0.00,0.00,0.00,0.00,0.00,0.00,0.01,0.75,0
7252,img_45571.jpg,0.46,0.00,0.00,0.00,0.00,0.00,0.00,0.00,0.00,0.54,0
893,img_45572.jpg,0.36,0.00,0.00,0.00,0.00,0.00,0.00,0.00,0.02,0.62,0
3914,img_46034.jpg,0.14,0.00,0.00,0.00,0.00,0.00,0.00,0.00,0.00,0.86,0
7282,img_47385.jpg,0.24,0.00,0.00,0.00,0.00,0.00,0.00,0.00,0.00,0.76,0
7309,img_47447.jpg,0.01,0.00,0.00,0.00,0.00,0.00,0.00,0.00,0.00,0.99,0
7275,img_47558.jpg,0.50,0.00,0.00,0.00,0.00,0.00,0.00,0.00,0.00,0.50,0
6478,img_48882.jpg,0.38,0.00,0.00,0.00,0.00,0.00,0.00,0.00,0.09,0.53,0
7,img_48931.jpg,0.25,0.00,0.00,0.00,0.00,0.00,0.00,0.00,0.00,0.75,0
7314,img_49150.jpg,0.14,0.00,0.00,0.00,0.00,0.00,0.00,0.00,0.00,0.86,0
7324,img_49161.jpg,0.49,0.00,0.00,0.00,0.00,0.00,0.00,0.00,0.00,0.51,0
6462,img_49215.jpg,0.47,0.00,0.00,0.00,0.00,0.00,0.00,0.00,0.00,0.53,0
6437,img_50553.jpg,0.13,0.00,0.00,0.00,0.00,0.00,0.01,0.04,0.15,0.67,0
6454,img_50792.jpg,0.21,0.00,0.00,0.71,0.06,0.00,0.00,0.00,0.00,0.03,0
7312,img_50942.jpg,0.02,0.00,0.00,0.00,0.00,0.00,0.00,0.00,0.00,0.98,0
3912,img_51935.jpg,0.30,0.00,0.00,0.00,0.00,0.00,0.00,0.00,0.00,0.70,0
7288,img_51985.jpg,0.50,0.00,0.00,0.00,0.00,0.00,0.00,0.00,0.00,0.50,0
888,img_52101.jpg,0.41,0.00,0.00,0.00,0.00,0.00,0.00,0.00,0.05,0.54,0
6483,img_53148.jpg,0.23,0.00,0.00,0.00,0.01,0.00,0.00,0.02,0.04,0.71,0
7325,img_53288.jpg,0.49,0.00,0.00,0.00,0.00,0.00,0.00,0.00,0.00,0.51,0
2169,img_53692.jpg,0.40,0.00,0.00,0.00,0.59,0.00,0.00,0.00,0.00,0.00,0
3904,img_54393.jpg,0.35,0.00,0.00,0.00,0.00,0.00,0.00,0.00,0.00,0.65,0
6453,img_5449.jpg,0.12,0.00,0.00,0.77,0.08,0.00,0.00,0.00,0.00,0.03,0
7256,img_54712.jpg,0.10,0.00,0.00,0.00,0.00,0.00,0.00,0.00,0.00,0.90,0
6450,img_54849.jpg,0.21,0.00,0.00,0.61,0.13,0.00,0.00,0.00,0.00,0.04,0
7326,img_55583.jpg,0.45,0.00,0.00,0.02,0.00,0.00,0.00,0.00,0.00,0.53,0
3946,img_55933.jpg,0.16,0.09,0.00,0.00,0.00,0.00,0.00,0.06,0.01,0.68,0
7298,img_56251.jpg,0.50,0.00,0.00,0.00,0.00,0.00,0.00,0.00,0.00,0.50,0
1006,img_56357.jpg,0.00,0.34,0.00,0.00,0.00,0.08,0.00,0.31,0.17,0.11,0
2176,img_56466.jpg,0.09,0.00,0.00,0.17,0.03,0.00,0.00,0.02,0.26,0.42,0
6473,img_57112.jpg,0.06,0.00,0.00,0.00,0.00,0.00,0.01,0.00,0.86,0.07,0
6461,img_57598.jpg,0.43,0.00,0.00,0.00,0.00,0.00,0.00,0.00,0.00,0.56,0
7306,img_57739.jpg,0.43,0.00,0.00,0.00,0.00,0.00,0.00,0.00,0.00,0.57,0
2153,img_57789.jpg,0.26,0.00,0.00,0.00,0.07,0.00,0.00,0.01,0.15,0.50,0
7267,img_58013.jpg,0.25,0.00,0.00,0.00,0.00,0.00,0.00,0.00,0.00,0.75,0
875,img_58285.jpg,0.14,0.00,0.00,0.00,0.00,0.00,0.00,0.00,0.00,0.86,0
7322,img_58551.jpg,0.46,0.00,0.00,0.00,0.00,0.00,0.00,0.00,0.00,0.54,0
2156,img_59118.jpg,0.17,0.00,0.00,0.00,0.00,0.00,0.00,0.02,0.10,0.70,0
3907,img_59237.jpg,0.48,0.00,0.00,0.00,0.00,0.00,0.00,0.00,0.00,0.52,0
7319,img_5963.jpg,0.48,0.00,0.00,0.00,0.00,0.00,0.00,0.00,0.00,0.52,0
2163,img_59764.jpg,0.01,0.00,0.00,0.00,0.00,0.00,0.00,0.22,0.02,0.75,0
6503,img_59772.jpg,0.00,0.00,0.00,0.00,0.00,0.00,0.00,0.00,0.00,1.00,0
7261,img_59868.jpg,0.50,0.00,0.00,0.00,0.00,0.00,0.00,0.00,0.00,0.50,0
7320,img_6002.jpg,0.09,0.00,0.00,0.00,0.00,0.00,0.00,0.00,0.00,0.91,0
7240,img_60226.jpg,0.49,0.00,0.00,0.00,0.00,0.00,0.00,0.00,0.00,0.51,0
2126,img_61568.jpg,0.26,0.00,0.00,0.00,0.24,0.00,0.00,0.00,0.02,0.48,0
2195,img_61737.jpg,0.47,0.01,0.00,0.00,0.00,0.00,0.00,0.01,0.03,0.48,0
7262,img_61865.jpg,0.49,0.00,0.00,0.00,0.00,0.00,0.00,0.00,0.00,0.51,0
2175,img_61869.jpg,0.00,0.00,0.00,0.13,0.02,0.00,0.00,0.00,0.39,0.46,0
2185,img_62129.jpg,0.23,0.00,0.00,0.00,0.00,0.00,0.00,0.00,0.00,0.76,0
7299,img_62383.jpg,0.50,0.00,0.00,0.00,0.00,0.00,0.00,0.00,0.00,0.50,0
898,img_62643.jpg,0.41,0.00,0.00,0.00,0.00,0.00,0.00,0.00,0.09,0.50,0
6455,img_63073.jpg,0.15,0.00,0.00,0.67,0.12,0.00,0.00,0.00,0.00,0.05,0
6456,img_63140.jpg,0.13,0.00,0.00,0.57,0.17,0.00,0.00,0.00,0.00,0.13,0
4704,img_63345.jpg,0.15,0.00,0.04,0.00,0.03,0.00,0.00,0.21,0.01,0.55,0
2179,img_63812.jpg,0.01,0.00,0.00,0.00,0.00,0.00,0.00,0.43,0.00,0.56,0
3944,img_64106.jpg,0.44,0.04,0.00,0.00,0.00,0.00,0.00,0.46,0.01,0.05,0
6433,img_64276.jpg,0.17,0.00,0.00,0.00,0.00,0.00,0.01,0.04,0.07,0.71,0
883,img_64413.jpg,0.36,0.00,0.00,0.00,0.00,0.00,0.00,0.00,0.04,0.59,0
2165,img_65497.jpg,0.43,0.00,0.00,0.00,0.00,0.00,0.00,0.00,0.00,0.56,0
6495,img_66723.jpg,0.26,0.00,0.00,0.00,0.04,0.00,0.00,0.00,0.00,0.70,0
6476,img_66819.jpg,0.02,0.01,0.00,0.00,0.00,0.03,0.03,0.00,0.45,0.46,0
6452,img_66888.jpg,0.12,0.00,0.00,0.78,0.09,0.00,0.00,0.00,0.00,0.01,0
3945,img_66982.jpg,0.21,0.25,0.00,0.00,0.00,0.00,0.00,0.44,0.01,0.09,0
4700,img_67219.jpg,0.08,0.00,0.08,0.00,0.10,0.00,0.00,0.12,0.02,0.59,0
2162,img_68227.jpg,0.20,0.01,0.00,0.00,0.00,0.00,0.00,0.28,0.00,0.51,0
7244,img_68246.jpg,0.49,0.00,0.00,0.00,0.00,0.00,0.00,0.00,0.00,0.51,0
7245,img_68266.jpg,0.49,0.00,0.00,0.00,0.00,0.00,0.00,0.00,0.00,0.51,0
7308,img_68629.jpg,0.06,0.00,0.00,0.00,0.00,0.00,0.00,0.00,0.00,0.94,0
2210,img_70417.jpg,0.43,0.00,0.00,0.00,0.04,0.04,0.00,0.00,0.00,0.49,0
7305,img_70795.jpg,0.41,0.00,0.00,0.00,0.00,0.00,0.00,0.00,0.00,0.59,0
912,img_71196.jpg,0.27,0.00,0.00,0.00,0.00,0.00,0.00,0.00,0.02,0.71,0
7263,img_71240.jpg,0.46,0.00,0.00,0.00,0.00,0.00,0.00,0.00,0.00,0.54,0
7304,img_71478.jpg,0.49,0.00,0.00,0.00,0.00,0.00,0.00,0.00,0.00,0.51,0
7241,img_71483.jpg,0.48,0.00,0.00,0.00,0.00,0.00,0.00,0.00,0.00,0.52,0
2232,img_71815.jpg,0.23,0.00,0.00,0.00,0.42,0.00,0.00,0.00,0.00,0.35,0
6493,img_72492.jpg,0.34,0.00,0.00,0.00,0.01,0.00,0.00,0.00,0.00,0.66,0
6479,img_72493.jpg,0.00,0.00,0.00,0.00,0.00,0.00,0.00,0.00,0.21,0.79,0
7323,img_73392.jpg,0.49,0.00,0.00,0.00,0.00,0.00,0.00,0.00,0.00,0.51,0
2172,img_73423.jpg,0.07,0.00,0.00,0.19,0.01,0.00,0.00,0.00,0.35,0.38,0
3909,img_73626.jpg,0.44,0.00,0.00,0.00,0.00,0.00,0.00,0.00,0.00,0.56,0
6504,img_73679.jpg,0.00,0.00,0.00,0.00,0.00,0.00,0.00,0.00,0.00,1.00,0
7301,img_73825.jpg,0.49,0.00,0.00,0.00,0.00,0.00,0.00,0.00,0.00,0.51,0
887,img_73830.jpg,0.32,0.00,0.00,0.00,0.00,0.00,0.00,0.00,0.08,0.60,0
3957,img_74002.jpg,0.01,0.01,0.00,0.00,0.00,0.00,0.00,0.00,0.01,0.97,0
3903,img_74590.jpg,0.31,0.00,0.00,0.00,0.00,0.00,0.00,0.00,0.00,0.69,0
7258,img_74632.jpg,0.50,0.00,0.00,0.00,0.00,0.00,0.00,0.00,0.00,0.50,0
6446,img_75446.jpg,0.22,0.00,0.00,0.60,0.14,0.00,0.00,0.00,0.00,0.03,0
7313,img_7549.jpg,0.48,0.00,0.00,0.00,0.00,0.00,0.00,0.00,0.00,0.52,0
2193,img_75755.jpg,0.16,0.01,0.00,0.00,0.02,0.00,0.00,0.08,0.15,0.58,0
7270,img_75764.jpg,0.44,0.00,0.00,0.00,0.00,0.00,0.00,0.00,0.00,0.56,0
6449,img_75810.jpg,0.11,0.00,0.00,0.41,0.28,0.00,0.00,0.00,0.00,0.19,0
6498,img_75961.jpg,0.20,0.00,0.00,0.00,0.01,0.00,0.00,0.01,0.02,0.75,0
6438,img_75979.jpg,0.17,0.00,0.00,0.00,0.00,0.00,0.00,0.04,0.15,0.62,0
6440,img_76249.jpg,0.17,0.00,0.00,0.00,0.01,0.02,0.01,0.03,0.40,0.36,0
3955,img_76559.jpg,0.04,0.36,0.00,0.00,0.00,0.00,0.00,0.01,0.06,0.52,0
6499,img_76602.jpg,0.01,0.00,0.00,0.01,0.01,0.00,0.00,0.01,0.00,0.97,0
995,img_77169.jpg,0.11,0.00,0.00,0.00,0.00,0.00,0.00,0.00,0.00,0.89,0
6496,img_77590.jpg,0.03,0.00,0.00,0.00,0.00,0.00,0.00,0.00,0.01,0.96,0
6448,img_78183.jpg,0.27,0.00,0.00,0.06,0.24,0.00,0.00,0.00,0.00,0.43,0
6471,img_78909.jpg,0.00,0.00,0.00,0.00,0.00,0.00,0.00,0.00,0.48,0.51,0
1009,img_79819.jpg,0.00,1.00,0.00,0.00,0.00,0.00,0.00,0.00,0.00,0.00,0
6457,img_80174.jpg,0.24,0.00,0.00,0.11,0.16,0.00,0.00,0.00,0.00,0.49,0
6444,img_80584.jpg,0.21,0.00,0.00,0.00,0.09,0.00,0.00,0.00,0.01,0.68,0
7255,img_81035.jpg,0.11,0.00,0.00,0.00,0.00,0.00,0.00,0.00,0.00,0.89,0
6502,img_81124.jpg,0.05,0.00,0.00,0.13,0.04,0.00,0.00,0.00,0.00,0.78,0
6488,img_81383.jpg,0.24,0.00,0.00,0.00,0.01,0.00,0.00,0.00,0.00,0.74,0
3913,img_81530.jpg,0.40,0.00,0.00,0.00,0.00,0.00,0.00,0.00,0.00,0.60,0
2161,img_81940.jpg,0.08,0.01,0.00,0.00,0.00,0.00,0.00,0.12,0.00,0.79,0
7303,img_8222.jpg,0.50,0.00,0.00,0.00,0.00,0.00,0.00,0.00,0.00,0.50,0
7295,img_82267.jpg,0.04,0.00,0.00,0.00,0.00,0.00,0.00,0.00,0.00,0.96,0
2173,img_82314.jpg,0.27,0.00,0.00,0.00,0.70,0.00,0.00,0.00,0.02,0.00,0
7297,img_82353.jpg,0.50,0.00,0.00,0.00,0.00,0.00,0.00,0.00,0.00,0.50,0
7266,img_82453.jpg,0.42,0.00,0.00,0.00,0.00,0.00,0.00,0.00,0.00,0.58,0
882,img_83000.jpg,0.48,0.00,0.00,0.00,0.00,0.00,0.00,0.00,0.04,0.48,0
7333,img_83134.jpg,0.50,0.00,0.00,0.00,0.00,0.00,0.00,0.00,0.00,0.50,0
6442,img_83282.jpg,0.08,0.00,0.00,0.00,0.00,0.01,0.01,0.05,0.47,0.38,0
3915,img_83586.jpg,0.04,0.00,0.00,0.00,0.00,0.00,0.00,0.00,0.00,0.96,0
6443,img_83624.jpg,0.13,0.00,0.00,0.00,0.01,0.00,0.00,0.03,0.08,0.75,0
7265,img_84376.jpg,0.28,0.00,0.00,0.00,0.00,0.00,0.00,0.00,0.00,0.72,0
2119,img_8571.jpg,0.11,0.00,0.00,0.05,0.35,0.00,0.00,0.00,0.31,0.17,0
7249,img_86913.jpg,0.49,0.00,0.00,0.00,0.00,0.00,0.00,0.00,0.00,0.51,0
7250,img_87060.jpg,0.50,0.00,0.00,0.00,0.00,0.00,0.00,0.00,0.00,0.50,0
7254,img_87245.jpg,0.34,0.00,0.00,0.00,0.00,0.00,0.00,0.00,0.00,0.66,0
2170,img_87355.jpg,0.01,0.00,0.00,0.01,0.97,0.00,0.00,0.00,0.00,0.00,0
2131,img_87801.jpg,0.23,0.00,0.00,0.35,0.31,0.00,0.00,0.00,0.12,0.00,0
7334,img_88085.jpg,0.50,0.00,0.00,0.00,0.00,0.00,0.00,0.00,0.00,0.50,0
6435,img_88140.jpg,0.12,0.00,0.00,0.00,0.01,0.00,0.01,0.02,0.03,0.80,0
7248,img_88930.jpg,0.50,0.00,0.00,0.00,0.00,0.00,0.00,0.00,0.00,0.50,0
3908,img_89574.jpg,0.48,0.00,0.00,0.00,0.00,0.00,0.00,0.00,0.00,0.52,0
6481,img_89850.jpg,0.03,0.00,0.00,0.00,0.00,0.00,0.00,0.00,0.90,0.07,0
3906,img_90059.jpg,0.50,0.00,0.00,0.00,0.00,0.00,0.00,0.00,0.00,0.50,0
7336,img_90159.jpg,0.47,0.00,0.00,0.00,0.00,0.00,0.00,0.00,0.00,0.53,0
7243,img_90273.jpg,0.48,0.00,0.00,0.00,0.00,0.00,0.00,0.00,0.00,0.52,0
6489,img_90325.jpg,0.05,0.00,0.00,0.00,0.00,0.00,0.00,0.00,0.01,0.94,0
7287,img_90865.jpg,0.50,0.00,0.00,0.00,0.00,0.00,0.00,0.00,0.00,0.50,0
7239,img_91414.jpg,0.50,0.00,0.00,0.00,0.00,0.00,0.00,0.00,0.00,0.50,0
7289,img_91777.jpg,0.50,0.00,0.00,0.00,0.00,0.00,0.00,0.00,0.00,0.50,0
902,img_91903.jpg,0.30,0.00,0.00,0.00,0.00,0.00,0.00,0.00,0.06,0.63,0
7293,img_92814.jpg,0.50,0.00,0.00,0.00,0.00,0.00,0.00,0.00,0.00,0.50,0
3910,img_93261.jpg,0.45,0.00,0.00,0.00,0.00,0.00,0.00,0.00,0.00,0.55,0
6459,img_94048.jpg,0.45,0.00,0.00,0.01,0.00,0.00,0.00,0.00,0.00,0.54,0
890,img_94283.jpg,0.29,0.00,0.00,0.00,0.00,0.00,0.00,0.00,0.04,0.68,0
7331,img_94842.jpg,0.48,0.00,0.00,0.00,0.00,0.00,0.00,0.00,0.00,0.52,0
892,img_95525.jpg,0.24,0.00,0.00,0.00,0.00,0.00,0.00,0.00,0.03,0.73,0
3916,img_95667.jpg,0.18,0.00,0.00,0.00,0.00,0.00,0.00,0.00,0.00,0.82,0
4705,img_957.jpg,0.44,0.00,0.01,0.00,0.00,0.00,0.00,0.08,0.00,0.46,0
7272,img_9648.jpg,0.46,0.00,0.00,0.00,0.00,0.00,0.00,0.00,0.00,0.54,0
7335,img_96916.jpg,0.47,0.00,0.00,0.00,0.00,0.00,0.00,0.00,0.00,0.53,0
3917,img_9724.jpg,0.50,0.00,0.00,0.00,0.00,0.00,0.00,0.00,0.00,0.50,0
7296,img_97265.jpg,0.49,0.00,0.00,0.00,0.00,0.00,0.00,0.00,0.00,0.51,0
6441,img_97807.jpg,0.12,0.00,0.00,0.00,0.00,0.01,0.00,0.03,0.18,0.65,0
6451,img_98129.jpg,0.05,0.00,0.00,0.84,0.10,0.00,0.00,0.00,0.00,0.01,0
911,img_98275.jpg,0.41,0.00,0.00,0.00,0.00,0.00,0.00,0.00,0.02,0.57,0
4699,img_99012.jpg,0.10,0.00,0.05,0.00,0.06,0.00,0.00,0.05,0.05,0.68,0
901,img_99086.jpg,0.48,0.00,0.00,0.00,0.00,0.00,0.00,0.00,0.02,0.50,0
6500,img_99098.jpg,0.00,0.00,0.00,0.00,0.44,0.00,0.00,0.00,0.01,0.54,0
3902,img_99281.jpg,0.25,0.00,0.00,0.00,0.00,0.00,0.00,0.00,0.00,0.75,0
7285,img_99342.jpg,0.49,0.00,0.00,0.00,0.00,0.00,0.00,0.00,0.00,0.51,0
4698,img_99510.jpg,0.06,0.00,0.00,0.00,0.41,0.00,0.00,0.00,0.00,0.52,0
1036,img_11444.jpg,0.00,0.24,0.00,0.00,0.00,0.00,0.76,0.00,0.00,0.00,1
5773,img_12544.jpg,0.52,0.47,0.00,0.00,0.00,0.00,0.00,0.00,0.00,0.00,1
7365,img_17871.jpg,0.02,0.40,0.00,0.00,0.03,0.00,0.00,0.00,0.01,0.53,1
5762,img_18177.jpg,0.00,0.42,0.00,0.58,0.00,0.00,0.00,0.00,0.00,0.00,1
103,img_18674.jpg,0.48,0.04,0.00,0.00,0.00,0.02,0.00,0.00,0.00,0.45,1
6573,img_22347.jpg,0.00,0.48,0.00,0.00,0.00,0.00,0.52,0.00,0.00,0.00,1
7396,img_2298.jpg,0.00,0.34,0.00,0.00,0.00,0.00,0.01,0.00,0.01,0.64,1
7404,img_2975.jpg,0.01,0.14,0.00,0.00,0.00,0.00,0.02,0.01,0.01,0.81,1
98,img_33965.jpg,0.48,0.31,0.00,0.00,0.00,0.00,0.00,0.00,0.00,0.19,1
5782,img_35267.jpg,0.39,0.13,0.00,0.00,0.00,0.01,0.00,0.47,0.00,0.00,1
6572,img_35339.jpg,0.00,0.28,0.00,0.00,0.00,0.00,0.72,0.00,0.00,0.00,1
5764,img_38434.jpg,0.00,0.45,0.00,0.55,0.00,0.00,0.00,0.00,0.00,0.00,1
6574,img_38741.jpg,0.00,0.47,0.00,0.00,0.00,0.00,0.53,0.00,0.00,0.00,1
7352,img_3879.jpg,0.00,0.21,0.00,0.00,0.00,0.01,0.00,0.34,0.14,0.28,1
7394,img_42169.jpg,0.00,0.47,0.00,0.00,0.00,0.00,0.00,0.00,0.02,0.50,1
5778,img_43628.jpg,0.55,0.44,0.00,0.00,0.00,0.00,0.00,0.00,0.00,0.00,1
7351,img_44314.jpg,0.00,0.38,0.00,0.00,0.00,0.00,0.00,0.01,0.04,0.56,1
5780,img_45506.jpg,0.60,0.40,0.00,0.00,0.00,0.00,0.00,0.00,0.00,0.00,1
7367,img_49094.jpg,0.04,0.00,0.00,0.00,0.01,0.00,0.00,0.00,0.00,0.95,1
102,img_50839.jpg,0.51,0.20,0.00,0.01,0.00,0.02,0.00,0.00,0.00,0.27,1
7361,img_53777.jpg,0.00,0.09,0.12,0.51,0.06,0.01,0.01,0.01,0.02,0.19,1
5776,img_54867.jpg,0.02,0.39,0.00,0.00,0.00,0.02,0.01,0.04,0.51,0.00,1
7363,img_55432.jpg,0.08,0.33,0.00,0.01,0.01,0.00,0.00,0.00,0.00,0.57,1
7353,img_55482.jpg,0.00,0.00,0.00,0.00,0.00,0.00,0.00,0.00,0.15,0.85,1
7390,img_56869.jpg,0.00,0.39,0.00,0.00,0.00,0.00,0.01,0.00,0.07,0.54,1
5757,img_56962.jpg,0.00,0.01,0.00,0.99,0.00,0.00,0.00,0.00,0.00,0.00,1
7359,img_57621.jpg,0.00,0.01,0.00,0.00,0.00,0.00,0.00,0.00,0.07,0.92,1
7355,img_5796.jpg,0.00,0.00,0.01,0.00,0.00,0.00,0.00,0.00,0.08,0.91,1
5758,img_58169.jpg,0.00,0.01,0.00,0.99,0.00,0.00,0.00,0.00,0.00,0.00,1
5759,img_58376.jpg,0.00,0.31,0.00,0.69,0.00,0.00,0.00,0.00,0.00,0.00,1
7364,img_62069.jpg,0.04,0.40,0.00,0.00,0.01,0.00,0.00,0.00,0.00,0.55,1
6571,img_62085.jpg,0.00,0.29,0.00,0.00,0.00,0.00,0.71,0.00,0.00,0.00,1
7415,img_6300.jpg,0.00,0.50,0.00,0.00,0.00,0.00,0.00,0.00,0.50,0.00,1
5760,img_64494.jpg,0.00,0.15,0.00,0.85,0.00,0.00,0.00,0.00,0.00,0.00,1
7391,img_66053.jpg,0.00,0.45,0.00,0.00,0.00,0.00,0.02,0.00,0.07,0.46,1
105,img_66790.jpg,0.80,0.02,0.00,0.01,0.00,0.02,0.00,0.00,0.00,0.15,1
5779,img_67359.jpg,0.55,0.43,0.00,0.01,0.00,0.00,0.00,0.00,0.00,0.00,1
101,img_68509.jpg,0.67,0.10,0.00,0.02,0.00,0.01,0.00,0.00,0.00,0.19,1
7379,img_68893.jpg,0.28,0.04,0.00,0.00,0.00,0.00,0.00,0.02,0.43,0.21,1
7358,img_70907.jpg,0.00,0.00,0.00,0.00,0.00,0.00,0.00,0.00,0.09,0.90,1
7373,img_73034.jpg,0.00,0.39,0.00,0.00,0.00,0.00,0.00,0.00,0.01,0.60,1
7366,img_7380.jpg,0.07,0.01,0.00,0.00,0.02,0.00,0.00,0.00,0.00,0.90,1
7369,img_74326.jpg,0.13,0.00,0.00,0.00,0.00,0.00,0.00,0.00,0.00,0.87,1
7362,img_74517.jpg,0.41,0.00,0.00,0.00,0.00,0.00,0.00,0.00,0.00,0.59,1
7377,img_74573.jpg,0.00,0.00,0.00,0.00,0.00,0.00,0.00,0.00,0.01,0.99,1
99,img_74582.jpg,0.52,0.26,0.00,0.01,0.00,0.01,0.00,0.00,0.00,0.20,1
5761,img_76116.jpg,0.00,0.06,0.00,0.94,0.00,0.00,0.00,0.00,0.00,0.00,1
1114,img_77183.jpg,0.31,0.13,0.00,0.00,0.00,0.07,0.00,0.00,0.00,0.50,1
97,img_79033.jpg,0.62,0.03,0.00,0.00,0.00,0.02,0.00,0.00,0.00,0.32,1
7409,img_80211.jpg,0.00,0.49,0.00,0.00,0.00,0.00,0.02,0.00,0.49,0.00,1
7357,img_81045.jpg,0.00,0.00,0.00,0.00,0.00,0.00,0.00,0.00,0.14,0.85,1
7354,img_81494.jpg,0.00,0.00,0.00,0.00,0.00,0.00,0.00,0.00,0.02,0.98,1
6530,img_84433.jpg,0.00,0.10,0.00,0.00,0.00,0.00,0.00,0.64,0.25,0.00,1
7368,img_87799.jpg,0.12,0.00,0.00,0.00,0.00,0.00,0.00,0.00,0.00,0.88,1
5769,img_87879.jpg,0.99,0.00,0.00,0.00,0.00,0.00,0.00,0.00,0.00,0.00,1
7356,img_87887.jpg,0.00,0.00,0.00,0.00,0.00,0.00,0.00,0.00,0.04,0.96,1
7393,img_87958.jpg,0.00,0.41,0.00,0.00,0.00,0.00,0.01,0.00,0.05,0.53,1
5781,img_90351.jpg,0.21,0.30,0.00,0.00,0.00,0.00,0.00,0.48,0.01,0.00,1
6532,img_94463.jpg,0.00,0.47,0.00,0.00,0.00,0.00,0.01,0.01,0.52,0.00,1
7378,img_95820.jpg,0.00,0.40,0.00,0.00,0.00,0.00,0.00,0.00,0.11,0.48,1
104,img_98532.jpg,0.64,0.09,0.00,0.02,0.00,0.01,0.00,0.00,0.00,0.23,1
5763,img_9915.jpg,0.00,0.25,0.00,0.75,0.00,0.00,0.00,0.00,0.00,0.00,1
7458,img_100458.jpg,0.00,0.02,0.12,0.00,0.00,0.00,0.00,0.63,0.15,0.08,2
6627,img_101503.jpg,0.00,0.00,0.48,0.00,0.00,0.00,0.00,0.00,0.51,0.00,2
7511,img_10607.jpg,0.00,0.00,0.18,0.00,0.00,0.00,0.00,0.10,0.17,0.55,2
7465,img_11744.jpg,0.08,0.17,0.18,0.01,0.03,0.01,0.03,0.07,0.38,0.04,2
7463,img_13188.jpg,0.01,0.01,0.02,0.01,0.00,0.01,0.00,0.47,0.25,0.23,2
7455,img_15520.jpg,0.00,0.01,0.10,0.00,0.00,0.00,0.00,0.27,0.43,0.19,2
7448,img_15659.jpg,0.01,0.05,0.02,0.00,0.00,0.00,0.00,0.07,0.57,0.29,2
7439,img_15756.jpg,0.00,0.01,0.01,0.00,0.00,0.00,0.00,0.03,0.47,0.47,2
7466,img_16231.jpg,0.00,0.01,0.45,0.00,0.01,0.00,0.00,0.02,0.49,0.01,2
7475,img_16635.jpg,0.03,0.10,0.03,0.01,0.00,0.02,0.01,0.73,0.05,0.01,2
6642,img_16936.jpg,0.00,0.00,0.42,0.00,0.00,0.00,0.01,0.00,0.57,0.00,2
6614,img_17031.jpg,0.00,0.00,0.50,0.00,0.00,0.00,0.00,0.00,0.50,0.00,2
1230,img_18370.jpg,0.00,0.00,0.27,0.00,0.00,0.00,0.14,0.00,0.58,0.00,2
7469,img_20114.jpg,0.02,0.07,0.02,0.01,0.00,0.00,0.00,0.33,0.35,0.20,2
7477,img_20214.jpg,0.01,0.05,0.06,0.00,0.00,0.00,0.00,0.08,0.56,0.23,2
6635,img_22308.jpg,0.00,0.00,0.27,0.00,0.00,0.00,0.02,0.00,0.71,0.00,2
1170,img_26056.jpg,0.00,0.00,0.00,0.00,0.00,0.00,1.00,0.00,0.00,0.00,2
7504,img_30690.jpg,0.00,0.00,0.19,0.00,0.00,0.00,0.00,0.21,0.43,0.16,2
7443,img_31406.jpg,0.00,0.01,0.03,0.00,0.00,0.00,0.00,0.05,0.40,0.50,2
7456,img_34451.jpg,0.00,0.00,0.19,0.00,0.00,0.00,0.00,0.53,0.18,0.10,2
6629,img_34796.jpg,0.00,0.00,0.26,0.00,0.00,0.00,0.01,0.17,0.55,0.00,2
7472,img_35305.jpg,0.01,0.03,0.17,0.01,0.02,0.00,0.01,0.02,0.70,0.04,2
7515,img_37438.jpg,0.00,0.00,0.21,0.00,0.00,0.00,0.00,0.03,0.11,0.65,2
7438,img_41728.jpg,0.00,0.01,0.05,0.00,0.00,0.00,0.00,0.00,0.57,0.36,2
6615,img_41737.jpg,0.00,0.00,0.34,0.00,0.00,0.00,0.00,0.00,0.66,0.00,2
6619,img_4212.jpg,0.00,0.00,0.46,0.00,0.00,0.00,0.00,0.00,0.54,0.00,2
6665,img_44101.jpg,0.00,0.00,0.05,0.00,0.00,0.00,0.02,0.44,0.48,0.00,2
7454,img_4721.jpg,0.00,0.01,0.05,0.00,0.00,0.00,0.00,0.23,0.56,0.14,2
215,img_48638.jpg,0.00,0.00,0.17,0.00,0.00,0.00,0.83,0.00,0.00,0.00,2
6606,img_49341.jpg,0.00,0.00,0.49,0.00,0.00,0.00,0.01,0.00,0.50,0.01,2
7459,img_51235.jpg,0.00,0.02,0.11,0.00,0.00,0.00,0.00,0.23,0.62,0.02,2
7476,img_51247.jpg,0.13,0.06,0.10,0.01,0.01,0.02,0.01,0.56,0.05,0.06,2
7441,img_51781.jpg,0.01,0.01,0.16,0.01,0.01,0.00,0.00,0.17,0.54,0.08,2
7440,img_55338.jpg,0.00,0.01,0.01,0.00,0.00,0.00,0.00,0.02,0.53,0.43,2
7457,img_57036.jpg,0.00,0.02,0.06,0.00,0.00,0.01,0.00,0.74,0.11,0.05,2
6643,img_5722.jpg,0.00,0.00,0.49,0.00,0.00,0.00,0.01,0.00,0.50,0.00,2
6609,img_61850.jpg,0.00,0.00,0.50,0.00,0.00,0.00,0.00,0.00,0.50,0.00,2
7516,img_62656.jpg,0.00,0.00,0.20,0.00,0.00,0.00,0.00,0.03,0.18,0.60,2
7517,img_69088.jpg,0.00,0.00,0.07,0.00,0.00,0.00,0.00,0.04,0.31,0.57,2
7505,img_71589.jpg,0.00,0.00,0.03,0.00,0.00,0.00,0.00,0.10,0.44,0.42,2
7432,img_71726.jpg,0.01,0.01,0.26,0.02,0.08,0.00,0.07,0.06,0.03,0.45,2
7513,img_74571.jpg,0.00,0.00,0.14,0.00,0.00,0.00,0.00,0.17,0.23,0.46,2
7514,img_75158.jpg,0.00,0.00,0.36,0.00,0.00,0.01,0.00,0.04,0.11,0.49,2
6647,img_77522.jpg,0.00,0.00,0.46,0.00,0.00,0.00,0.00,0.00,0.53,0.00,2
7523,img_82253.jpg,0.00,0.00,0.03,0.00,0.00,0.00,0.00,0.22,0.46,0.28,2
6617,img_85130.jpg,0.00,0.00,0.48,0.00,0.00,0.00,0.00,0.00,0.52,0.00,2
7464,img_85296.jpg,0.00,0.35,0.07,0.01,0.01,0.02,0.01,0.30,0.06,0.16,2
7485,img_87286.jpg,0.00,0.01,0.34,0.00,0.00,0.00,0.00,0.18,0.46,0.01,2
7503,img_87387.jpg,0.00,0.01,0.29,0.00,0.00,0.00,0.01,0.03,0.14,0.52,2
7462,img_90344.jpg,0.06,0.04,0.24,0.02,0.14,0.01,0.01,0.03,0.43,0.02,2
7519,img_90583.jpg,0.00,0.00,0.04,0.00,0.00,0.00,0.00,0.35,0.31,0.30,2
1187,img_92315.jpg,0.00,0.00,0.32,0.00,0.00,0.00,0.05,0.00,0.63,0.00,2
7470,img_93725.jpg,0.03,0.20,0.02,0.03,0.00,0.01,0.01,0.48,0.18,0.05,2
7518,img_93872.jpg,0.00,0.00,0.01,0.00,0.00,0.00,0.00,0.33,0.52,0.14,2
7468,img_94192.jpg,0.00,0.06,0.02,0.01,0.01,0.00,0.01,0.41,0.43,0.05,2
7510,img_95501.jpg,0.00,0.00,0.11,0.00,0.00,0.01,0.00,0.07,0.24,0.57,2
7471,img_97064.jpg,0.02,0.06,0.11,0.01,0.03,0.01,0.01,0.54,0.17,0.03,2
6648,img_97880.jpg,0.00,0.00,0.41,0.00,0.00,0.00,0.04,0.00,0.55,0.00,2
6721,img_101130.jpg,0.95,0.00,0.00,0.00,0.00,0.00,0.00,0.00,0.03,0.02,3
2613,img_19992.jpg,0.04,0.21,0.03,0.06,0.11,0.04,0.00,0.39,0.00,0.12,3
6715,img_25895.jpg,0.66,0.00,0.00,0.00,0.00,0.00,0.00,0.00,0.32,0.01,3
6720,img_32884.jpg,0.39,0.00,0.00,0.04,0.01,0.00,0.02,0.01,0.44,0.09,3
6719,img_37189.jpg,0.53,0.00,0.00,0.04,0.01,0.00,0.04,0.01,0.31,0.06,3
6713,img_38563.jpg,0.00,0.00,0.00,0.01,0.00,0.00,0.01,0.01,0.96,0.00,3
6724,img_40872.jpg,0.00,0.00,0.00,0.00,0.00,0.00,0.00,0.09,0.89,0.00,3
6716,img_44228.jpg,0.17,0.00,0.00,0.00,0.00,0.00,0.01,0.00,0.81,0.01,3
2611,img_45054.jpg,0.01,0.00,0.00,0.00,0.00,0.01,0.01,0.76,0.00,0.20,3
2560,img_45874.jpg,0.50,0.01,0.00,0.39,0.00,0.05,0.00,0.00,0.04,0.00,3
6714,img_46540.jpg,0.03,0.00,0.00,0.00,0.00,0.00,0.01,0.01,0.96,0.00,3
313,img_59937.jpg,0.02,0.00,0.00,0.01,0.00,0.00,0.00,0.00,0.00,0.97,3
6710,img_6196.jpg,0.17,0.00,0.00,0.13,0.01,0.01,0.06,0.43,0.18,0.00,3
6717,img_84564.jpg,0.69,0.00,0.00,0.01,0.00,0.00,0.01,0.00,0.26,0.01,3
6722,img_9103.jpg,0.03,0.00,0.00,0.00,0.00,0.00,0.02,0.02,0.92,0.00,3
6718,img_99848.jpg,0.87,0.00,0.00,0.01,0.00,0.00,0.01,0.00,0.08,0.01,3
351,img_100778.jpg,0.30,0.00,0.00,0.00,0.18,0.00,0.00,0.00,0.41,0.10,4
7639,img_101029.jpg,0.00,0.00,0.00,0.00,0.47,0.00,0.00,0.00,0.03,0.50,4
7661,img_11052.jpg,0.01,0.00,0.00,0.00,0.36,0.00,0.00,0.00,0.19,0.44,4
427,img_11304.jpg,0.00,0.00,0.00,0.00,0.00,0.00,0.00,0.02,0.97,0.00,4
354,img_12333.jpg,0.01,0.00,0.00,0.01,0.04,0.00,0.00,0.01,0.52,0.41,4
356,img_12476.jpg,0.06,0.01,0.00,0.01,0.02,0.00,0.00,0.02,0.51,0.35,4
6835,img_16077.jpg,0.00,0.00,0.09,0.00,0.01,0.00,0.42,0.02,0.46,0.00,4
6773,img_17553.jpg,0.00,0.00,0.00,0.99,0.00,0.00,0.00,0.00,0.00,0.00,4
374,img_19383.jpg,0.00,0.00,0.00,0.00,0.04,0.00,0.00,0.01,0.93,0.01,4
423,img_19617.jpg,0.00,0.00,0.00,0.00,0.09,0.00,0.00,0.00,0.78,0.12,4
352,img_2071.jpg,0.18,0.00,0.00,0.00,0.26,0.00,0.00,0.00,0.49,0.06,4
7638,img_21764.jpg,0.01,0.00,0.00,0.00,0.24,0.00,0.00,0.00,0.01,0.73,4
435,img_22137.jpg,0.00,0.00,0.00,0.00,0.00,0.00,0.00,0.03,0.96,0.00,4
349,img_24154.jpg,0.18,0.00,0.00,0.00,0.06,0.00,0.00,0.00,0.64,0.12,4
409,img_24186.jpg,0.00,0.00,0.00,0.00,0.02,0.00,0.00,0.01,0.55,0.42,4
446,img_2443.jpg,0.01,0.00,0.00,0.01,0.07,0.00,0.00,0.02,0.85,0.03,4
442,img_24986.jpg,0.54,0.00,0.00,0.03,0.24,0.00,0.00,0.00,0.03,0.15,4
385,img_25641.jpg,0.01,0.00,0.00,0.01,0.13,0.00,0.00,0.05,0.61,0.19,4
394,img_26781.jpg,0.80,0.00,0.00,0.11,0.08,0.00,0.00,0.00,0.00,0.01,4
432,img_27270.jpg,0.00,0.00,0.00,0.00,0.00,0.00,0.00,0.03,0.96,0.00,4
388,img_27957.jpg,0.00,0.00,0.00,0.00,0.48,0.00,0.00,0.00,0.49,0.02,4
424,img_30307.jpg,0.01,0.00,0.00,0.02,0.04,0.00,0.00,0.02,0.71,0.20,4
350,img_31684.jpg,0.16,0.00,0.00,0.00,0.20,0.00,0.00,0.00,0.53,0.10,4
402,img_31886.jpg,0.01,0.00,0.00,0.01,0.01,0.00,0.00,0.08,0.63,0.26,4
372,img_32112.jpg,0.01,0.00,0.00,0.00,0.10,0.00,0.00,0.00,0.87,0.02,4
403,img_33752.jpg,0.01,0.00,0.00,0.01,0.01,0.00,0.00,0.13,0.62,0.21,4
379,img_34824.jpg,0.00,0.00,0.00,0.00,0.43,0.00,0.00,0.00,0.57,0.00,4
6809,img_35657.jpg,0.00,0.00,0.00,0.87,0.03,0.00,0.10,0.00,0.00,0.00,4
398,img_35990.jpg,0.03,0.00,0.00,0.01,0.01,0.00,0.00,0.08,0.63,0.22,4
353,img_36357.jpg,0.42,0.00,0.00,0.01,0.06,0.00,0.00,0.00,0.07,0.45,4
390,img_38647.jpg,0.03,0.00,0.00,0.01,0.28,0.00,0.00,0.00,0.54,0.13,4
397,img_39475.jpg,0.01,0.00,0.00,0.01,0.03,0.00,0.00,0.06,0.70,0.19,4
422,img_40257.jpg,0.00,0.00,0.00,0.00,0.02,0.00,0.00,0.00,0.71,0.26,4
2696,img_40343.jpg,0.00,0.00,0.00,1.00,0.00,0.00,0.00,0.00,0.00,0.00,4
421,img_40588.jpg,0.01,0.00,0.00,0.01,0.15,0.00,0.00,0.00,0.53,0.30,4
406,img_41188.jpg,0.01,0.00,0.00,0.01,0.05,0.00,0.00,0.02,0.62,0.29,4
355,img_41379.jpg,0.08,0.00,0.00,0.01,0.06,0.00,0.00,0.00,0.28,0.57,4
414,img_4250.jpg,0.21,0.00,0.00,0.05,0.11,0.01,0.00,0.08,0.50,0.03,4
366,img_42719.jpg,0.25,0.01,0.00,0.00,0.00,0.00,0.00,0.02,0.63,0.09,4
364,img_42776.jpg,0.15,0.01,0.00,0.01,0.01,0.00,0.01,0.02,0.76,0.03,4
373,img_43076.jpg,0.00,0.00,0.00,0.00,0.26,0.00,0.00,0.00,0.73,0.00,4
7644,img_4440.jpg,0.01,0.00,0.00,0.00,0.45,0.00,0.00,0.00,0.01,0.53,4
445,img_45093.jpg,0.04,0.00,0.00,0.04,0.20,0.00,0.00,0.00,0.31,0.41,4
395,img_45614.jpg,0.92,0.00,0.00,0.05,0.03,0.00,0.00,0.00,0.00,0.00,4
417,img_46670.jpg,0.02,0.00,0.00,0.05,0.10,0.00,0.00,0.01,0.56,0.26,4
396,img_4777.jpg,0.33,0.00,0.00,0.03,0.09,0.00,0.00,0.00,0.50,0.05,4
441,img_49163.jpg,0.00,0.00,0.00,0.01,0.01,0.00,0.00,0.00,0.07,0.91,4
347,img_50429.jpg,0.27,0.00,0.00,0.01,0.01,0.00,0.00,0.00,0.60,0.11,4
439,img_50829.jpg,0.00,0.00,0.00,0.00,0.00,0.00,0.00,0.04,0.86,0.09,4
348,img_51146.jpg,0.17,0.00,0.00,0.00,0.10,0.00,0.00,0.00,0.64,0.08,4
404,img_52406.jpg,0.00,0.00,0.00,0.00,0.05,0.00,0.00,0.03,0.58,0.33,4
426,img_53663.jpg,0.00,0.00,0.00,0.00,0.00,0.00,0.00,0.04,0.94,0.02,4
6772,img_53828.jpg,0.00,0.00,0.00,0.98,0.00,0.00,0.00,0.00,0.00,0.01,4
378,img_55438.jpg,0.00,0.00,0.00,0.00,0.25,0.00,0.00,0.00,0.74,0.01,4
393,img_55673.jpg,0.93,0.00,0.00,0.01,0.05,0.01,0.00,0.00,0.00,0.00,4
357,img_58436.jpg,0.00,0.00,0.00,0.00,0.01,0.00,0.00,0.00,0.75,0.23,4
431,img_59246.jpg,0.00,0.00,0.00,0.00,0.00,0.00,0.00,0.07,0.92,0.00,4
399,img_59480.jpg,0.01,0.00,0.00,0.01,0.01,0.00,0.00,0.10,0.70,0.17,4
443,img_60021.jpg,0.95,0.00,0.00,0.00,0.01,0.00,0.00,0.00,0.00,0.03,4
369,img_60279.jpg,0.07,0.00,0.00,0.00,0.24,0.00,0.00,0.00,0.47,0.22,4
7640,img_60290.jpg,0.00,0.00,0.00,0.01,0.46,0.00,0.00,0.00,0.04,0.50,4
412,img_60673.jpg,0.00,0.00,0.00,0.00,0.00,0.00,0.00,0.01,0.44,0.55,4
410,img_61495.jpg,0.00,0.00,0.00,0.00,0.01,0.00,0.00,0.01,0.60,0.37,4
407,img_62980.jpg,0.01,0.00,0.00,0.01,0.03,0.00,0.00,0.02,0.58,0.35,4
2695,img_63738.jpg,0.00,0.00,0.00,1.00,0.00,0.00,0.00,0.00,0.00,0.00,4
375,img_65601.jpg,0.00,0.00,0.00,0.00,0.03,0.00,0.00,0.02,0.92,0.02,4
380,img_65880.jpg,0.00,0.00,0.00,0.00,0.50,0.00,0.00,0.00,0.50,0.00,4
389,img_67631.jpg,0.02,0.00,0.00,0.00,0.40,0.00,0.00,0.00,0.45,0.12,4
419,img_6972.jpg,0.01,0.00,0.00,0.02,0.16,0.00,0.00,0.00,0.64,0.17,4
437,img_69881.jpg,0.00,0.00,0.00,0.00,0.00,0.00,0.00,0.01,0.98,0.01,4
6792,img_69998.jpg,0.00,0.00,0.00,0.02,0.00,0.00,0.01,0.22,0.23,0.52,4
383,img_70345.jpg,0.00,0.00,0.00,0.00,0.24,0.00,0.00,0.00,0.74,0.02,4
363,img_70764.jpg,0.24,0.00,0.00,0.01,0.14,0.00,0.00,0.00,0.53,0.07,4
408,img_71730.jpg,0.00,0.00,0.00,0.00,0.00,0.00,0.00,0.01,0.54,0.44,4
444,img_71984.jpg,0.45,0.00,0.00,0.03,0.05,0.00,0.00,0.00,0.15,0.32,4
440,img_7199.jpg,0.00,0.00,0.00,0.00,0.01,0.00,0.00,0.03,0.92,0.04,4
346,img_73258.jpg,0.23,0.00,0.00,0.01,0.02,0.00,0.00,0.00,0.58,0.16,4
6834,img_73316.jpg,0.00,0.00,0.01,0.00,0.00,0.00,0.18,0.00,0.81,0.00,4
376,img_75932.jpg,0.00,0.00,0.00,0.00,0.01,0.00,0.00,0.01,0.97,0.01,4
405,img_76757.jpg,0.02,0.00,0.00,0.00,0.13,0.00,0.01,0.01,0.71,0.13,4
377,img_77239.jpg,0.00,0.00,0.00,0.00,0.17,0.00,0.00,0.00,0.82,0.00,4
6838,img_77347.jpg,0.89,0.00,0.00,0.00,0.00,0.00,0.00,0.00,0.03,0.08,4
411,img_77581.jpg,0.00,0.00,0.00,0.00,0.00,0.00,0.00,0.01,0.49,0.50,4
416,img_7858.jpg,0.01,0.00,0.00,0.01,0.13,0.00,0.00,0.02,0.62,0.21,4
425,img_79352.jpg,0.01,0.00,0.00,0.03,0.00,0.00,0.00,0.01,0.71,0.23,4
371,img_79534.jpg,0.03,0.00,0.00,0.00,0.39,0.00,0.00,0.01,0.54,0.04,4
401,img_80417.jpg,0.02,0.00,0.00,0.01,0.01,0.00,0.00,0.03,0.59,0.35,4
415,img_84045.jpg,0.01,0.00,0.00,0.01,0.03,0.00,0.00,0.07,0.74,0.15,4
438,img_84120.jpg,0.00,0.00,0.00,0.00,0.00,0.00,0.00,0.02,0.92,0.04,4
392,img_84406.jpg,0.07,0.00,0.00,0.01,0.41,0.00,0.00,0.00,0.49,0.02,4
413,img_85134.jpg,0.03,0.00,0.00,0.01,0.15,0.00,0.00,0.00,0.46,0.34,4
382,img_85268.jpg,0.00,0.00,0.00,0.00,0.23,0.00,0.00,0.00,0.72,0.04,4
365,img_87639.jpg,0.51,0.00,0.00,0.00,0.06,0.00,0.00,0.00,0.40,0.02,4
6791,img_88787.jpg,0.00,0.00,0.01,0.06,0.00,0.00,0.02,0.19,0.05,0.67,4
418,img_89589.jpg,0.02,0.00,0.00,0.05,0.12,0.00,0.00,0.01,0.70,0.10,4
381,img_89800.jpg,0.00,0.00,0.00,0.00,0.00,0.00,0.00,0.00,0.56,0.43,4
420,img_91951.jpg,0.03,0.00,0.00,0.05,0.20,0.00,0.00,0.01,0.58,0.13,4
433,img_93875.jpg,0.00,0.00,0.00,0.00,0.03,0.00,0.00,0.06,0.82,0.09,4
436,img_93987.jpg,0.00,0.00,0.00,0.00,0.00,0.00,0.00,0.03,0.96,0.01,4
430,img_95845.jpg,0.00,0.00,0.00,0.01,0.00,0.00,0.00,0.07,0.91,0.01,4
428,img_96526.jpg,0.00,0.00,0.00,0.00,0.00,0.00,0.00,0.02,0.97,0.00,4
434,img_96871.jpg,0.00,0.00,0.00,0.00,0.00,0.00,0.00,0.10,0.78,0.10,4
429,img_97609.jpg,0.00,0.00,0.00,0.01,0.01,0.00,0.00,0.06,0.90,0.01,4
6810,img_98630.jpg,0.00,0.00,0.00,0.01,0.31,0.00,0.69,0.00,0.00,0.00,4
400,img_99622.jpg,0.01,0.00,0.00,0.02,0.00,0.00,0.00,0.05,0.61,0.32,4
6074,img_101079.jpg,0.99,0.00,0.00,0.00,0.00,0.00,0.00,0.00,0.00,0.00,5
5151,img_10198.jpg,0.00,0.00,0.13,0.00,0.00,0.39,0.00,0.01,0.02,0.44,5
5148,img_102073.jpg,0.00,0.00,0.03,0.00,0.00,0.47,0.00,0.01,0.01,0.47,5
6848,img_12442.jpg,0.99,0.00,0.00,0.00,0.00,0.00,0.00,0.00,0.00,0.01,5
5164,img_1245.jpg,0.00,0.00,0.07,0.00,0.00,0.00,0.00,0.43,0.00,0.50,5
5153,img_13908.jpg,0.00,0.00,0.01,0.00,0.00,0.49,0.00,0.00,0.00,0.50,5
5162,img_14561.jpg,0.00,0.00,0.00,0.00,0.49,0.00,0.00,0.00,0.00,0.50,5
5132,img_19184.jpg,0.00,0.00,0.38,0.00,0.00,0.26,0.00,0.02,0.00,0.35,5
5146,img_21749.jpg,0.00,0.00,0.17,0.00,0.01,0.14,0.00,0.07,0.11,0.49,5
6075,img_23348.jpg,0.69,0.00,0.00,0.01,0.00,0.01,0.00,0.00,0.01,0.28,5
1545,img_26376.jpg,1.00,0.00,0.00,0.00,0.00,0.00,0.00,0.00,0.00,0.00,5
4340,img_27454.jpg,0.16,0.00,0.00,0.00,0.00,0.00,0.00,0.00,0.00,0.84,5
4350,img_30288.jpg,0.02,0.02,0.00,0.00,0.00,0.00,0.00,0.04,0.00,0.92,5
5163,img_38544.jpg,0.00,0.00,0.01,0.00,0.04,0.00,0.00,0.44,0.00,0.50,5
4348,img_42817.jpg,0.03,0.38,0.00,0.00,0.00,0.00,0.00,0.03,0.00,0.54,5
5144,img_42997.jpg,0.00,0.00,0.27,0.00,0.08,0.23,0.00,0.01,0.01,0.40,5
6847,img_44224.jpg,1.00,0.00,0.00,0.00,0.00,0.00,0.00,0.00,0.00,0.00,5
6061,img_47275.jpg,0.48,0.00,0.02,0.00,0.00,0.06,0.00,0.03,0.36,0.05,5
5145,img_48536.jpg,0.00,0.00,0.05,0.00,0.34,0.08,0.00,0.02,0.03,0.48,5
1546,img_51254.jpg,1.00,0.00,0.00,0.00,0.00,0.00,0.00,0.00,0.00,0.00,5
6041,img_56446.jpg,0.50,0.00,0.00,0.00,0.00,0.43,0.00,0.00,0.06,0.00,5
1544,img_57081.jpg,0.98,0.00,0.00,0.00,0.00,0.02,0.00,0.00,0.00,0.00,5
5147,img_57830.jpg,0.00,0.00,0.05,0.00,0.12,0.24,0.00,0.01,0.08,0.49,5
5156,img_69601.jpg,0.00,0.00,0.30,0.00,0.19,0.02,0.00,0.00,0.00,0.49,5
5155,img_70719.jpg,0.00,0.00,0.34,0.00,0.14,0.02,0.00,0.00,0.00,0.50,5
5154,img_71369.jpg,0.00,0.00,0.00,0.00,0.50,0.01,0.00,0.00,0.00,0.49,5
6048,img_7640.jpg,0.54,0.00,0.00,0.00,0.00,0.42,0.00,0.00,0.04,0.00,5
4294,img_78504.jpg,0.00,0.00,0.79,0.00,0.00,0.00,0.01,0.00,0.19,0.02,5
7690,img_78744.jpg,0.00,0.06,0.00,0.30,0.01,0.29,0.28,0.01,0.05,0.00,5
5152,img_8094.jpg,0.00,0.00,0.32,0.00,0.01,0.16,0.00,0.01,0.01,0.48,5
6125,img_8131.jpg,0.57,0.01,0.23,0.04,0.00,0.02,0.00,0.02,0.09,0.02,5
4337,img_82888.jpg,0.33,0.00,0.00,0.00,0.00,0.00,0.00,0.00,0.00,0.67,5
4338,img_87062.jpg,0.18,0.27,0.01,0.00,0.00,0.00,0.00,0.00,0.02,0.51,5
6063,img_87252.jpg,0.52,0.00,0.00,0.01,0.00,0.34,0.00,0.02,0.05,0.06,5
5157,img_88212.jpg,0.00,0.00,0.22,0.00,0.10,0.13,0.00,0.01,0.05,0.49,5
6083,img_91635.jpg,0.64,0.00,0.00,0.00,0.00,0.26,0.00,0.05,0.03,0.02,5
4339,img_93157.jpg,0.19,0.46,0.01,0.00,0.00,0.00,0.01,0.01,0.00,0.33,5
6143,img_100241.jpg,0.00,0.00,0.00,0.99,0.00,0.00,0.00,0.00,0.00,0.00,6
6173,img_10046.jpg,0.00,0.00,0.00,0.87,0.09,0.00,0.04,0.00,0.00,0.00,6
6141,img_101944.jpg,0.00,0.00,0.00,0.99,0.01,0.00,0.00,0.00,0.00,0.00,6
6184,img_102074.jpg,0.00,0.00,0.00,0.80,0.07,0.00,0.12,0.00,0.00,0.00,6
6179,img_11611.jpg,0.00,0.00,0.00,0.84,0.08,0.00,0.08,0.00,0.00,0.00,6
555,img_12167.jpg,0.00,0.00,0.51,0.00,0.00,0.00,0.49,0.00,0.00,0.00,6
6161,img_13545.jpg,0.00,0.00,0.00,0.48,0.06,0.00,0.46,0.00,0.00,0.00,6
7818,img_1399.jpg,0.00,0.00,0.51,0.00,0.15,0.00,0.34,0.00,0.00,0.00,6
6146,img_15223.jpg,0.00,0.00,0.00,0.98,0.01,0.00,0.01,0.00,0.00,0.00,6
6166,img_18707.jpg,0.79,0.00,0.00,0.14,0.02,0.00,0.00,0.00,0.00,0.04,6
6149,img_20939.jpg,0.00,0.00,0.00,0.98,0.01,0.00,0.01,0.00,0.00,0.00,6
6152,img_21068.jpg,0.00,0.00,0.00,0.55,0.07,0.00,0.37,0.00,0.00,0.00,6
6174,img_22793.jpg,0.00,0.00,0.00,0.84,0.09,0.00,0.06,0.00,0.00,0.00,6
6157,img_24066.jpg,0.00,0.00,0.00,0.79,0.10,0.00,0.10,0.00,0.00,0.00,6
6144,img_28193.jpg,0.00,0.00,0.00,0.98,0.00,0.00,0.01,0.00,0.00,0.00,6
6156,img_29549.jpg,0.00,0.00,0.00,0.99,0.01,0.00,0.01,0.00,0.00,0.00,6
6167,img_29724.jpg,0.74,0.01,0.01,0.08,0.11,0.00,0.01,0.01,0.00,0.02,6
7817,img_3263.jpg,0.00,0.00,0.94,0.00,0.01,0.00,0.04,0.00,0.00,0.01,6
6148,img_34375.jpg,0.00,0.00,0.00,0.92,0.01,0.00,0.08,0.00,0.00,0.00,6
6172,img_3629.jpg,0.00,0.00,0.00,0.88,0.09,0.00,0.02,0.00,0.00,0.00,6
6183,img_36392.jpg,0.00,0.00,0.00,0.52,0.17,0.00,0.31,0.00,0.00,0.00,6
6138,img_4160.jpg,0.00,0.00,0.00,0.55,0.03,0.00,0.42,0.00,0.00,0.00,6
6193,img_42381.jpg,0.00,0.00,0.00,0.77,0.05,0.00,0.17,0.00,0.00,0.00,6
7768,img_48587.jpg,0.00,0.00,0.84,0.00,0.00,0.00,0.15,0.00,0.00,0.01,6
6176,img_48610.jpg,0.00,0.00,0.00,0.65,0.16,0.00,0.17,0.00,0.00,0.00,6
6145,img_50294.jpg,0.00,0.00,0.00,0.98,0.00,0.00,0.02,0.00,0.00,0.00,6
6162,img_51067.jpg,0.00,0.00,0.00,0.75,0.01,0.00,0.24,0.00,0.00,0.00,6
6180,img_52732.jpg,0.01,0.01,0.00,0.30,0.47,0.00,0.16,0.01,0.00,0.03,6
6150,img_54164.jpg,0.00,0.00,0.00,0.97,0.02,0.00,0.01,0.00,0.00,0.00,6
6170,img_54633.jpg,0.00,0.00,0.00,0.81,0.15,0.00,0.03,0.00,0.00,0.00,6
6159,img_55450.jpg,0.00,0.00,0.00,0.62,0.02,0.00,0.36,0.00,0.00,0.00,6
6160,img_55852.jpg,0.00,0.00,0.00,0.60,0.02,0.00,0.38,0.00,0.00,0.00,6
6168,img_58387.jpg,0.56,0.00,0.01,0.01,0.04,0.00,0.01,0.00,0.00,0.36,6
6133,img_58747.jpg,0.00,0.00,0.00,0.51,0.08,0.00,0.41,0.00,0.00,0.00,6
6147,img_59015.jpg,0.00,0.00,0.00,0.94,0.00,0.00,0.05,0.00,0.00,0.00,6
6191,img_60617.jpg,0.00,0.00,0.00,0.53,0.09,0.00,0.39,0.00,0.00,0.00,6
6190,img_61483.jpg,0.00,0.00,0.00,0.75,0.07,0.00,0.15,0.01,0.00,0.00,6
6178,img_63356.jpg,0.00,0.00,0.00,0.85,0.08,0.00,0.07,0.00,0.00,0.00,6
1735,img_66564.jpg,0.00,0.00,0.00,0.00,0.00,0.00,0.50,0.00,0.50,0.00,6
6175,img_67849.jpg,0.00,0.00,0.00,0.81,0.13,0.00,0.05,0.00,0.00,0.00,6
6164,img_68136.jpg,0.00,0.00,0.00,0.97,0.00,0.00,0.03,0.00,0.00,0.00,6
6139,img_69180.jpg,0.00,0.00,0.00,0.98,0.01,0.00,0.01,0.00,0.00,0.00,6
6163,img_73095.jpg,0.00,0.00,0.00,0.90,0.04,0.00,0.04,0.00,0.00,0.01,6
6155,img_73399.jpg,0.00,0.00,0.00,0.64,0.04,0.00,0.32,0.00,0.00,0.00,6
6186,img_73810.jpg,0.00,0.00,0.00,0.51,0.08,0.00,0.40,0.00,0.00,0.00,6
6188,img_74362.jpg,0.00,0.00,0.00,0.45,0.18,0.00,0.37,0.00,0.00,0.00,6
6177,img_74948.jpg,0.00,0.00,0.00,0.79,0.12,0.00,0.09,0.00,0.00,0.00,6
6140,img_78038.jpg,0.00,0.00,0.00,1.00,0.00,0.00,0.00,0.00,0.00,0.00,6
6137,img_80007.jpg,0.00,0.00,0.00,0.52,0.03,0.00,0.44,0.00,0.00,0.00,6
6154,img_81094.jpg,0.00,0.00,0.00,0.56,0.01,0.00,0.43,0.00,0.00,0.00,6
6142,img_84879.jpg,0.00,0.00,0.00,0.99,0.00,0.00,0.00,0.00,0.00,0.00,6
6151,img_85533.jpg,0.00,0.00,0.00,0.93,0.03,0.00,0.04,0.00,0.00,0.00,6
6181,img_90445.jpg,0.00,0.00,0.00,0.80,0.12,0.00,0.08,0.00,0.00,0.00,6
6165,img_92436.jpg,0.78,0.00,0.01,0.01,0.01,0.00,0.00,0.00,0.01,0.16,6
6134,img_96117.jpg,0.00,0.00,0.00,0.84,0.06,0.00,0.09,0.00,0.00,0.00,6
6153,img_97788.jpg,0.00,0.00,0.00,0.75,0.07,0.00,0.15,0.01,0.01,0.00,6
6169,img_99116.jpg,0.32,0.00,0.03,0.02,0.57,0.00,0.01,0.01,0.01,0.02,6
3066,img_12744.jpg,0.00,0.00,0.00,0.00,0.85,0.00,0.02,0.13,0.00,0.00,7
5384,img_83258.jpg,0.00,0.00,0.00,0.00,0.00,0.00,0.00,0.46,0.46,0.08,7
1965,img_101229.jpg,0.00,0.00,0.55,0.00,0.00,0.00,0.00,0.00,0.44,0.00,8
1961,img_101264.jpg,0.00,0.00,0.00,0.00,0.00,0.00,1.00,0.00,0.00,0.00,8
802,img_10650.jpg,0.00,0.00,0.00,0.00,0.00,0.00,1.00,0.00,0.00,0.00,8
806,img_10861.jpg,0.00,0.00,0.00,0.00,0.00,0.00,1.00,0.00,0.00,0.00,8
3821,img_10996.jpg,0.00,0.00,0.00,0.00,0.00,0.00,0.99,0.00,0.01,0.00,8
1910,img_13868.jpg,0.00,0.00,0.00,0.00,0.00,0.00,0.00,0.00,0.00,1.00,8
3803,img_15203.jpg,0.00,0.00,0.01,0.00,0.00,0.00,0.97,0.00,0.01,0.00,8
3808,img_15792.jpg,0.00,0.00,0.07,0.00,0.00,0.00,0.93,0.00,0.00,0.00,8
3782,img_17009.jpg,0.00,0.00,0.00,0.00,0.00,0.00,1.00,0.00,0.00,0.00,8
729,img_17024.jpg,0.00,0.00,0.61,0.00,0.00,0.00,0.00,0.00,0.38,0.01,8
780,img_17273.jpg,0.00,0.00,0.02,0.00,0.00,0.00,0.90,0.00,0.08,0.00,8
3811,img_17280.jpg,0.00,0.00,0.00,0.00,0.00,0.00,1.00,0.00,0.00,0.00,8
3818,img_18268.jpg,0.00,0.00,0.00,0.00,0.00,0.00,1.00,0.00,0.00,0.00,8
762,img_18476.jpg,0.00,0.00,0.56,0.00,0.00,0.00,0.41,0.00,0.02,0.00,8
791,img_18575.jpg,0.00,0.00,0.07,0.00,0.00,0.00,0.87,0.00,0.06,0.00,8
1887,img_18970.jpg,0.01,0.00,0.00,0.00,0.00,0.00,0.00,0.00,0.00,0.99,8
731,img_19665.jpg,0.00,0.00,0.08,0.00,0.00,0.00,0.05,0.44,0.32,0.11,8
785,img_19913.jpg,0.00,0.00,0.24,0.00,0.00,0.00,0.60,0.00,0.16,0.00,8
3786,img_2009.jpg,0.00,0.00,0.00,0.00,0.00,0.00,1.00,0.00,0.00,0.00,8
1905,img_20209.jpg,0.00,0.00,0.00,0.00,0.52,0.00,0.21,0.00,0.15,0.13,8
751,img_20708.jpg,0.00,0.00,0.00,0.00,0.00,0.00,1.00,0.00,0.00,0.00,8
1901,img_22194.jpg,0.00,0.00,0.00,0.00,0.00,0.00,0.00,0.00,0.50,0.50,8
767,img_22421.jpg,0.00,0.00,0.37,0.00,0.00,0.00,0.30,0.00,0.32,0.00,8
764,img_23011.jpg,0.00,0.00,0.00,0.00,0.00,0.00,0.99,0.00,0.01,0.00,8
771,img_23658.jpg,0.00,0.00,0.00,0.00,0.00,0.00,1.00,0.00,0.00,0.00,8
3823,img_24058.jpg,0.00,0.00,0.12,0.00,0.00,0.00,0.80,0.00,0.05,0.03,8
3794,img_24647.jpg,0.00,0.00,0.04,0.00,0.00,0.00,0.88,0.00,0.05,0.03,8
3817,img_24684.jpg,0.00,0.00,0.02,0.00,0.00,0.00,0.98,0.00,0.00,0.00,8
755,img_25505.jpg,0.00,0.00,0.00,0.00,0.00,0.00,0.98,0.00,0.01,0.00,8
3815,img_2667.jpg,0.00,0.00,0.00,0.00,0.00,0.00,1.00,0.00,0.00,0.00,8
3781,img_26801.jpg,0.00,0.00,0.00,0.00,0.00,0.00,1.00,0.00,0.00,0.00,8
789,img_27059.jpg,0.00,0.00,0.04,0.00,0.00,0.00,0.81,0.00,0.15,0.00,8
774,img_27314.jpg,0.00,0.00,0.00,0.00,0.00,0.00,0.99,0.00,0.01,0.00,8
3825,img_27683.jpg,0.00,0.00,0.12,0.00,0.00,0.00,0.70,0.00,0.13,0.05,8
810,img_28593.jpg,0.00,0.00,0.00,0.00,0.00,0.00,1.00,0.00,0.00,0.00,8
1900,img_28854.jpg,0.00,0.00,0.00,0.00,0.00,0.00,0.00,0.00,0.48,0.51,8
3819,img_302.jpg,0.00,0.00,0.00,0.00,0.00,0.00,0.99,0.00,0.00,0.00,8
3802,img_30324.jpg,0.00,0.00,0.00,0.00,0.00,0.00,1.00,0.00,0.00,0.00,8
1957,img_31505.jpg,0.00,0.00,0.00,0.00,0.00,0.00,0.85,0.00,0.15,0.00,8
730,img_31796.jpg,0.00,0.00,0.39,0.00,0.00,0.00,0.00,0.16,0.19,0.25,8
778,img_33479.jpg,0.00,0.00,1.00,0.00,0.00,0.00,0.00,0.00,0.00,0.00,8
740,img_35435.jpg,0.00,0.00,0.00,0.00,0.00,0.00,1.00,0.00,0.00,0.00,8
805,img_35484.jpg,0.00,0.00,0.00,0.00,0.00,0.00,1.00,0.00,0.00,0.00,8
3824,img_36310.jpg,0.00,0.00,0.33,0.00,0.00,0.00,0.52,0.00,0.10,0.05,8
3780,img_36367.jpg,0.00,0.01,0.00,0.00,0.00,0.00,0.98,0.00,0.00,0.00,8
3799,img_37043.jpg,0.00,0.00,0.03,0.00,0.00,0.00,0.85,0.00,0.11,0.01,8
3814,img_37593.jpg,0.00,0.00,0.06,0.00,0.00,0.00,0.94,0.00,0.00,0.00,8
1889,img_39039.jpg,0.17,0.00,0.00,0.00,0.00,0.02,0.00,0.00,0.00,0.81,8
781,img_4232.jpg,0.00,0.00,0.83,0.00,0.01,0.00,0.01,0.00,0.12,0.03,8
1882,img_42490.jpg,0.00,0.00,0.00,0.00,0.00,0.00,0.00,0.00,0.00,1.00,8
812,img_43109.jpg,0.00,0.00,0.01,0.00,0.00,0.00,0.99,0.00,0.00,0.00,8
3789,img_43861.jpg,0.00,0.00,0.00,0.00,0.00,0.00,1.00,0.00,0.00,0.00,8
3809,img_4520.jpg,0.00,0.00,0.04,0.00,0.00,0.00,0.96,0.00,0.00,0.00,8
808,img_45960.jpg,0.00,0.00,0.00,0.00,0.00,0.00,1.00,0.00,0.00,0.00,8
765,img_46871.jpg,0.00,0.00,0.53,0.00,0.00,0.00,0.24,0.00,0.22,0.01,8
3837,img_46992.jpg,0.00,0.00,0.00,0.00,0.00,0.00,1.00,0.00,0.00,0.00,8
1908,img_47271.jpg,0.01,0.00,0.00,0.00,0.28,0.00,0.00,0.00,0.30,0.40,8
1884,img_47484.jpg,0.00,0.00,0.00,0.00,0.00,0.00,0.00,0.00,0.00,1.00,8
3785,img_48213.jpg,0.00,0.00,0.00,0.00,0.00,0.00,1.00,0.00,0.00,0.00,8
3820,img_48430.jpg,0.00,0.00,0.00,0.00,0.00,0.00,1.00,0.00,0.00,0.00,8
1888,img_4853.jpg,0.00,0.00,0.00,0.00,0.00,0.00,0.00,0.00,0.01,0.99,8
779,img_48627.jpg,0.00,0.00,0.50,0.00,0.00,0.00,0.44,0.00,0.06,0.00,8
752,img_49965.jpg,0.00,0.00,0.00,0.00,0.00,0.00,0.99,0.00,0.01,0.00,8
3813,img_50033.jpg,0.00,0.00,0.00,0.00,0.00,0.00,1.00,0.00,0.00,0.00,8
3832,img_5008.jpg,0.00,0.00,0.01,0.00,0.00,0.00,0.99,0.00,0.00,0.00,8
1915,img_50150.jpg,0.00,0.00,0.08,0.00,0.00,0.00,0.74,0.00,0.17,0.00,8
7968,img_50198.jpg,0.11,0.00,0.00,0.00,0.00,0.00,0.00,0.00,0.07,0.81,8
3833,img_50823.jpg,0.00,0.00,0.07,0.00,0.00,0.00,0.91,0.00,0.01,0.01,8
756,img_51103.jpg,0.00,0.00,0.00,0.00,0.00,0.00,0.99,0.00,0.01,0.00,8
801,img_51222.jpg,0.00,0.00,0.01,0.00,0.00,0.00,0.99,0.00,0.00,0.00,8
1893,img_51539.jpg,0.00,0.01,0.00,0.13,0.00,0.00,0.00,0.00,0.30,0.56,8
3790,img_52003.jpg,0.00,0.00,0.01,0.00,0.00,0.00,0.97,0.00,0.02,0.00,8
3784,img_52484.jpg,0.00,0.00,0.00,0.00,0.00,0.00,1.00,0.00,0.00,0.00,8
1916,img_52596.jpg,0.00,0.00,0.00,0.00,0.00,0.00,1.00,0.00,0.00,0.00,8
3114,img_54016.jpg,0.00,0.00,0.00,0.00,0.00,0.00,0.86,0.00,0.14,0.00,8
3834,img_54492.jpg,0.05,0.00,0.42,0.00,0.00,0.00,0.05,0.00,0.18,0.30,8
777,img_55092.jpg,0.00,0.00,0.99,0.00,0.00,0.00,0.01,0.00,0.00,0.00,8
3838,img_56050.jpg,0.00,0.00,0.02,0.00,0.00,0.00,0.97,0.00,0.00,0.00,8
1890,img_56078.jpg,0.11,0.00,0.00,0.00,0.00,0.00,0.00,0.00,0.00,0.89,8
3113,img_56280.jpg,0.00,0.00,0.00,0.00,0.00,0.00,0.00,1.00,0.00,0.00,8
1911,img_57232.jpg,0.00,0.14,0.00,0.00,0.00,0.00,0.00,0.00,0.23,0.62,8
786,img_57456.jpg,0.00,0.00,0.00,0.00,0.00,0.00,0.65,0.00,0.35,0.00,8
803,img_57724.jpg,0.00,0.00,0.63,0.00,0.00,0.00,0.35,0.00,0.01,0.00,8
3829,img_57861.jpg,0.00,0.00,0.06,0.00,0.00,0.00,0.86,0.00,0.05,0.03,8
3804,img_58070.jpg,0.00,0.00,0.05,0.00,0.00,0.00,0.95,0.00,0.00,0.00,8
3836,img_58218.jpg,0.00,0.00,0.07,0.00,0.00,0.00,0.91,0.00,0.01,0.01,8
750,img_58700.jpg,0.00,0.00,0.33,0.00,0.00,0.00,0.48,0.00,0.19,0.00,8
761,img_58878.jpg,0.00,0.00,0.11,0.00,0.00,0.00,0.79,0.00,0.10,0.00,8
3816,img_59301.jpg,0.00,0.00,0.00,0.00,0.00,0.00,1.00,0.00,0.00,0.00,8
1962,img_59660.jpg,0.00,0.00,0.00,0.00,0.00,0.00,0.53,0.00,0.47,0.00,8
1907,img_60533.jpg,0.00,0.00,0.00,0.00,0.49,0.00,0.51,0.00,0.00,0.00,8
1883,img_62118.jpg,0.01,0.00,0.00,0.00,0.00,0.00,0.00,0.00,0.00,0.99,8
3806,img_62613.jpg,0.00,0.00,0.00,0.00,0.00,0.00,1.00,0.00,0.00,0.00,8
790,img_62824.jpg,0.00,0.00,0.03,0.00,0.00,0.00,0.64,0.00,0.32,0.00,8
1960,img_6289.jpg,0.00,0.00,0.00,0.00,0.00,0.00,1.00,0.00,0.00,0.00,8
3787,img_63056.jpg,0.00,0.00,0.00,0.00,0.00,0.00,1.00,0.00,0.00,0.00,8
807,img_63083.jpg,0.00,0.00,0.00,0.00,0.00,0.00,1.00,0.00,0.00,0.00,8
7956,img_63438.jpg,0.00,0.00,0.00,0.00,0.75,0.00,0.00,0.00,0.25,0.00,8
799,img_64477.jpg,0.00,0.00,0.00,0.00,0.00,0.00,1.00,0.00,0.00,0.00,8
757,img_64914.jpg,0.00,0.00,0.00,0.00,0.00,0.00,1.00,0.00,0.00,0.00,8
7953,img_65016.jpg,0.00,0.00,0.00,0.00,0.50,0.00,0.00,0.00,0.50,0.00,8
783,img_68387.jpg,0.00,0.00,0.12,0.00,0.00,0.00,0.50,0.00,0.38,0.00,8
3822,img_68838.jpg,0.00,0.00,0.01,0.00,0.00,0.00,0.99,0.00,0.00,0.00,8
794,img_69119.jpg,0.00,0.00,0.03,0.00,0.00,0.00,0.66,0.00,0.31,0.00,8
3792,img_69406.jpg,0.00,0.00,0.05,0.00,0.00,0.00,0.85,0.00,0.09,0.01,8
747,img_7013.jpg,0.02,0.64,0.00,0.18,0.16,0.00,0.00,0.00,0.00,0.00,8
1904,img_71684.jpg,0.00,0.00,0.00,0.00,0.99,0.00,0.00,0.00,0.01,0.00,8
804,img_7287.jpg,0.00,0.00,0.00,0.00,0.00,0.00,1.00,0.00,0.00,0.00,8
787,img_73629.jpg,0.00,0.00,0.07,0.00,0.00,0.00,0.73,0.00,0.20,0.00,8
813,img_73885.jpg,0.00,0.00,0.00,0.00,0.00,0.00,1.00,0.00,0.00,0.00,8
1886,img_73917.jpg,0.42,0.00,0.00,0.00,0.00,0.00,0.00,0.00,0.00,0.57,8
776,img_7459.jpg,0.00,0.00,0.99,0.00,0.00,0.00,0.00,0.00,0.00,0.00,8
753,img_74910.jpg,0.00,0.08,0.02,0.00,0.00,0.00,0.90,0.00,0.00,0.00,8
811,img_75351.jpg,0.00,0.00,0.00,0.00,0.00,0.00,1.00,0.00,0.00,0.00,8
742,img_75413.jpg,0.00,0.00,0.50,0.00,0.00,0.00,0.00,0.00,0.50,0.00,8
772,img_75428.jpg,0.00,0.00,0.00,0.00,0.00,0.00,1.00,0.00,0.00,0.00,8
1892,img_75591.jpg,0.00,0.00,0.00,0.08,0.00,0.00,0.00,0.00,0.16,0.76,8
1917,img_75735.jpg,0.00,0.00,0.49,0.00,0.00,0.00,0.01,0.00,0.49,0.00,8
800,img_78081.jpg,0.00,0.00,0.94,0.00,0.00,0.00,0.06,0.00,0.00,0.00,8
3807,img_79823.jpg,0.00,0.00,0.00,0.00,0.00,0.00,1.00,0.00,0.00,0.00,8
788,img_80060.jpg,0.00,0.00,0.00,0.00,0.00,0.00,0.55,0.00,0.44,0.00,8
784,img_80823.jpg,0.00,0.00,0.00,0.00,0.00,0.00,1.00,0.00,0.00,0.00,8
773,img_81569.jpg,0.00,0.00,0.00,0.00,0.00,0.00,1.00,0.00,0.00,0.00,8
3805,img_8245.jpg,0.00,0.00,0.00,0.00,0.00,0.00,1.00,0.00,0.00,0.00,8
3800,img_82536.jpg,0.00,0.00,0.03,0.00,0.00,0.00,0.71,0.00,0.25,0.01,8
7957,img_82658.jpg,0.00,0.00,0.00,0.00,0.50,0.00,0.00,0.00,0.50,0.00,8
3830,img_82672.jpg,0.00,0.00,0.06,0.00,0.00,0.00,0.70,0.00,0.19,0.05,8
7955,img_82784.jpg,0.00,0.00,0.00,0.00,0.51,0.00,0.00,0.00,0.49,0.00,8
1891,img_83361.jpg,0.49,0.00,0.00,0.00,0.00,0.02,0.00,0.00,0.00,0.50,8
766,img_84163.jpg,0.00,0.00,0.13,0.00,0.00,0.00,0.53,0.00,0.34,0.00,8
1909,img_84689.jpg,0.00,0.00,0.00,0.00,0.46,0.00,0.00,0.00,0.30,0.24,8
3831,img_86046.jpg,0.00,0.00,0.00,0.00,0.00,0.00,1.00,0.00,0.00,0.00,8
732,img_86493.jpg,0.00,0.00,0.00,0.00,0.00,0.00,0.54,0.00,0.46,0.00,8
3810,img_88508.jpg,0.00,0.00,0.44,0.00,0.00,0.00,0.56,0.00,0.00,0.00,8
736,img_88994.jpg,0.00,0.00,0.07,0.00,0.00,0.00,0.55,0.00,0.38,0.00,8
3826,img_895.jpg,0.00,0.00,0.22,0.00,0.00,0.00,0.48,0.00,0.20,0.10,8
1885,img_89614.jpg,0.00,0.00,0.00,0.00,0.00,0.00,0.00,0.00,0.00,1.00,8
3798,img_90349.jpg,0.00,0.00,0.04,0.00,0.00,0.00,0.73,0.00,0.21,0.02,8
782,img_90536.jpg,0.00,0.00,0.41,0.00,0.00,0.00,0.21,0.00,0.27,0.12,8
1906,img_91555.jpg,0.00,0.00,0.00,0.00,0.98,0.00,0.01,0.00,0.00,0.00,8
792,img_91792.jpg,0.00,0.00,0.02,0.00,0.00,0.00,0.74,0.00,0.24,0.00,8
754,img_93504.jpg,0.00,0.00,0.00,0.00,0.00,0.00,1.00,0.00,0.00,0.00,8
3812,img_93552.jpg,0.00,0.00,0.00,0.00,0.00,0.00,1.00,0.00,0.00,0.00,8
775,img_93598.jpg,0.00,0.00,0.98,0.00,0.00,0.00,0.02,0.00,0.00,0.00,8
768,img_95436.jpg,0.00,0.99,0.00,0.00,0.00,0.00,0.01,0.00,0.00,0.00,8
809,img_95770.jpg,0.00,0.00,0.00,0.00,0.00,0.00,1.00,0.00,0.00,0.00,8
749,img_9596.jpg,0.00,0.00,0.54,0.00,0.00,0.00,0.36,0.00,0.11,0.00,8
3783,img_96282.jpg,0.00,0.00,0.00,0.00,0.00,0.00,1.00,0.00,0.00,0.00,8
3797,img_96673.jpg,0.00,0.00,0.16,0.00,0.00,0.00,0.43,0.00,0.38,0.02,8
759,img_96683.jpg,0.00,0.00,0.00,0.00,0.00,0.00,1.00,0.00,0.00,0.00,8
1903,img_97549.jpg,0.00,0.00,0.00,0.00,0.83,0.00,0.01,0.00,0.14,0.02,8
758,img_97952.jpg,0.00,0.00,0.00,0.00,0.00,0.00,0.98,0.00,0.01,0.01,8
760,img_98003.jpg,0.00,0.00,0.00,0.00,0.00,0.00,1.00,0.00,0.00,0.00,8
3793,img_98779.jpg,0.00,0.00,0.07,0.00,0.00,0.00,0.77,0.00,0.14,0.01,8
3791,img_98982.jpg,0.00,0.00,0.01,0.00,0.00,0.00,0.95,0.00,0.03,0.00,8
763,img_99709.jpg,0.00,0.00,0.00,0.00,0.00,0.00,1.00,0.00,0.00,0.00,8
3788,img_99812.jpg,0.00,0.00,0.00,0.00,0.00,0.00,1.00,0.00,0.00,0.00,8
3247,img_101611.jpg,0.40,0.00,0.00,0.48,0.00,0.00,0.00,0.00,0.00,0.12,9
3214,img_10232.jpg,0.73,0.00,0.00,0.00,0.00,0.25,0.00,0.00,0.00,0.02,9
825,img_10560.jpg,0.00,0.00,0.00,0.00,0.00,1.00,0.00,0.00,0.00,0.00,9
859,img_10589.jpg,0.00,0.00,0.00,0.00,0.00,0.84,0.00,0.00,0.00,0.16,9
3229,img_10917.jpg,0.10,0.01,0.00,0.01,0.00,0.00,0.00,0.00,0.83,0.05,9
824,img_11175.jpg,0.00,0.00,0.00,0.00,0.00,0.67,0.00,0.00,0.00,0.33,9
7983,img_11328.jpg,0.00,0.02,0.00,0.25,0.01,0.00,0.04,0.00,0.56,0.11,9
837,img_11516.jpg,0.00,0.00,0.00,0.00,0.00,1.00,0.00,0.00,0.00,0.00,9
2038,img_11675.jpg,0.64,0.00,0.00,0.00,0.00,0.10,0.00,0.00,0.04,0.22,9
6389,img_12154.jpg,0.00,0.00,0.00,0.00,0.00,0.00,0.00,0.00,1.00,0.00,9
853,img_12651.jpg,0.00,0.00,0.00,0.00,0.00,0.97,0.00,0.00,0.00,0.03,9
6402,img_13204.jpg,0.00,0.00,0.00,0.00,0.00,0.00,0.00,0.00,1.00,0.00,9
8032,img_13314.jpg,0.00,0.00,0.00,0.00,0.00,0.00,0.00,0.01,0.52,0.47,9
871,img_14640.jpg,0.00,0.00,0.00,0.00,0.00,1.00,0.00,0.00,0.00,0.00,9
2020,img_14737.jpg,0.27,0.00,0.00,0.00,0.00,0.37,0.00,0.00,0.00,0.36,9
6354,img_15583.jpg,0.00,0.00,0.00,0.00,0.00,0.00,0.00,0.00,1.00,0.00,9
6405,img_16428.jpg,0.00,0.00,0.00,0.00,0.00,0.00,0.00,0.00,1.00,0.00,9
850,img_17562.jpg,0.00,0.00,0.00,0.00,0.00,1.00,0.00,0.00,0.00,0.00,9
6412,img_18492.jpg,0.00,0.00,0.00,0.00,0.00,0.00,0.00,0.00,1.00,0.00,9
6403,img_19346.jpg,0.00,0.00,0.00,0.00,0.00,0.00,0.00,0.00,1.00,0.00,9
847,img_19601.jpg,0.00,0.00,0.00,0.00,0.00,1.00,0.00,0.00,0.00,0.00,9
6364,img_20002.jpg,0.00,0.00,0.00,0.00,0.00,0.00,0.00,0.00,1.00,0.00,9
3220,img_20513.jpg,0.50,0.00,0.00,0.00,0.00,0.00,0.00,0.00,0.00,0.50,9
6409,img_21297.jpg,0.00,0.00,0.00,0.00,0.00,0.00,0.00,0.00,1.00,0.00,9
6387,img_21416.jpg,0.00,0.00,0.00,0.00,0.00,0.00,0.00,0.00,1.00,0.00,9
2040,img_21708.jpg,0.73,0.00,0.00,0.00,0.00,0.13,0.00,0.00,0.01,0.14,9
3284,img_21846.jpg,0.49,0.00,0.00,0.01,0.00,0.00,0.00,0.00,0.02,0.48,9
819,img_22310.jpg,0.00,0.00,0.00,0.00,0.00,0.93,0.00,0.00,0.00,0.06,9
820,img_23677.jpg,0.00,0.00,0.00,0.00,0.00,0.77,0.00,0.00,0.00,0.22,9
6372,img_2412.jpg,0.00,0.00,0.00,0.00,0.00,0.00,0.00,0.00,1.00,0.00,9
6369,img_25059.jpg,0.00,0.00,0.00,0.00,0.00,0.00,0.00,0.00,1.00,0.00,9
3276,img_25887.jpg,0.50,0.00,0.00,0.00,0.00,0.00,0.00,0.00,0.00,0.50,9
822,img_25959.jpg,0.00,0.00,0.00,0.00,0.00,0.91,0.00,0.00,0.00,0.09,9
3881,img_26302.jpg,0.50,0.00,0.00,0.00,0.00,0.00,0.00,0.00,0.00,0.49,9
3896,img_27576.jpg,0.97,0.01,0.00,0.00,0.00,0.00,0.00,0.00,0.00,0.02,9
843,img_27757.jpg,0.00,0.00,0.00,0.00,0.00,1.00,0.00,0.00,0.00,0.00,9
3248,img_28033.jpg,0.47,0.00,0.00,0.39,0.00,0.02,0.00,0.01,0.00,0.10,9
873,img_28068.jpg,0.00,0.00,0.00,0.00,0.00,1.00,0.00,0.00,0.00,0.00,9
6423,img_28479.jpg,0.00,0.00,0.00,0.00,0.00,0.00,0.00,0.00,1.00,0.00,9
6417,img_29320.jpg,0.00,0.00,0.00,0.00,0.00,0.00,0.00,0.00,1.00,0.00,9
6394,img_29556.jpg,0.00,0.00,0.00,0.00,0.00,0.00,0.00,0.00,1.00,0.00,9
6371,img_29906.jpg,0.00,0.00,0.00,0.00,0.00,0.00,0.00,0.00,1.00,0.00,9
826,img_30436.jpg,0.00,0.00,0.00,0.00,0.00,0.81,0.00,0.00,0.02,0.17,9
3891,img_30559.jpg,0.54,0.00,0.00,0.00,0.00,0.00,0.00,0.00,0.00,0.45,9
6408,img_3324.jpg,0.00,0.00,0.00,0.00,0.00,0.00,0.00,0.00,1.00,0.00,9
6399,img_33304.jpg,0.00,0.00,0.00,0.00,0.00,0.00,0.00,0.00,1.00,0.00,9
7981,img_34622.jpg,0.00,0.00,0.00,0.00,0.00,0.00,0.00,0.00,1.00,0.00,9
840,img_35541.jpg,0.00,0.00,0.00,0.00,0.00,1.00,0.00,0.00,0.00,0.00,9
6385,img_35900.jpg,0.00,0.00,0.00,0.00,0.00,0.00,0.00,0.00,1.00,0.00,9
6381,img_36568.jpg,0.00,0.00,0.00,0.00,0.00,0.00,0.00,0.00,1.00,0.00,9
6375,img_36647.jpg,0.00,0.00,0.00,0.00,0.00,0.00,0.00,0.00,1.00,0.00,9
6393,img_37057.jpg,0.00,0.00,0.00,0.00,0.00,0.00,0.00,0.00,1.00,0.00,9
860,img_37339.jpg,0.00,0.00,0.00,0.00,0.00,0.99,0.00,0.00,0.00,0.01,9
3275,img_37406.jpg,0.61,0.00,0.00,0.02,0.00,0.03,0.00,0.00,0.15,0.19,9
6376,img_37531.jpg,0.00,0.00,0.00,0.00,0.00,0.00,0.00,0.00,1.00,0.00,9
838,img_37798.jpg,0.00,0.00,0.00,0.00,0.00,1.00,0.00,0.00,0.00,0.00,9
846,img_38185.jpg,0.00,0.00,0.00,0.00,0.00,1.00,0.00,0.00,0.00,0.00,9
6363,img_3845.jpg,0.00,0.00,0.00,0.00,0.00,0.00,0.00,0.00,1.00,0.00,9
3280,img_38956.jpg,0.50,0.00,0.00,0.38,0.01,0.01,0.00,0.01,0.09,0.00,9
7174,img_38972.jpg,0.01,0.00,0.00,0.00,0.00,0.06,0.00,0.15,0.55,0.23,9
815,img_39408.jpg,0.00,0.00,0.00,0.00,0.00,1.00,0.00,0.00,0.00,0.00,9
6370,img_40776.jpg,0.00,0.00,0.00,0.00,0.00,0.00,0.00,0.00,1.00,0.00,9
6368,img_40908.jpg,0.00,0.00,0.00,0.00,0.00,0.00,0.00,0.00,1.00,0.00,9
6397,img_41201.jpg,0.00,0.00,0.00,0.00,0.00,0.00,0.00,0.00,1.00,0.00,9
828,img_42312.jpg,0.00,0.00,0.00,0.00,0.00,1.00,0.00,0.00,0.00,0.00,9
6420,img_42313.jpg,0.00,0.00,0.00,0.00,0.00,0.00,0.00,0.00,1.00,0.00,9
3299,img_42363.jpg,0.50,0.00,0.00,0.00,0.00,0.00,0.00,0.00,0.00,0.50,9
6359,img_42385.jpg,0.00,0.00,0.00,0.00,0.00,0.00,0.00,0.00,1.00,0.00,9
865,img_42792.jpg,0.00,0.00,0.00,0.00,0.00,1.00,0.00,0.00,0.00,0.00,9
3246,img_43423.jpg,0.50,0.00,0.00,0.19,0.00,0.00,0.00,0.00,0.00,0.31,9
3222,img_44215.jpg,0.31,0.00,0.00,0.31,0.01,0.00,0.00,0.01,0.09,0.27,9
852,img_44951.jpg,0.71,0.00,0.00,0.00,0.00,0.02,0.00,0.00,0.00,0.26,9
6413,img_45251.jpg,0.00,0.00,0.00,0.00,0.00,0.00,0.00,0.00,1.00,0.00,9
2026,img_45444.jpg,0.48,0.00,0.00,0.00,0.00,0.06,0.00,0.00,0.00,0.46,9
7173,img_45523.jpg,0.00,0.00,0.00,0.00,0.00,0.03,0.00,0.05,0.78,0.13,9
3252,img_46424.jpg,0.50,0.00,0.00,0.00,0.00,0.00,0.00,0.00,0.00,0.50,9
3302,img_46485.jpg,0.28,0.00,0.00,0.16,0.00,0.00,0.00,0.00,0.32,0.23,9
6390,img_46614.jpg,0.00,0.00,0.00,0.00,0.00,0.00,0.00,0.00,1.00,0.00,9
6392,img_46623.jpg,0.00,0.00,0.00,0.00,0.00,0.00,0.00,0.00,1.00,0.00,9
861,img_487.jpg,0.00,0.00,0.00,0.00,0.00,0.79,0.00,0.00,0.00,0.21,9
851,img_50127.jpg,0.00,0.00,0.00,0.00,0.00,1.00,0.00,0.00,0.00,0.00,9
3295,img_50197.jpg,0.50,0.00,0.00,0.00,0.00,0.00,0.00,0.00,0.00,0.50,9
6391,img_50431.jpg,0.00,0.00,0.00,0.00,0.00,0.00,0.00,0.00,1.00,0.00,9
3285,img_50788.jpg,0.51,0.00,0.00,0.00,0.00,0.00,0.00,0.00,0.00,0.49,9
6358,img_5104.jpg,0.00,0.00,0.00,0.00,0.00,0.00,0.00,0.00,1.00,0.00,9
3215,img_51326.jpg,0.51,0.00,0.00,0.04,0.00,0.01,0.00,0.00,0.00,0.43,9
6386,img_52205.jpg,0.00,0.00,0.00,0.00,0.00,0.00,0.00,0.00,1.00,0.00,9
841,img_52468.jpg,0.00,0.00,0.00,0.00,0.00,1.00,0.00,0.00,0.00,0.00,9
864,img_52516.jpg,0.00,0.00,0.00,0.00,0.00,1.00,0.00,0.00,0.00,0.00,9
6414,img_52610.jpg,0.00,0.00,0.00,0.00,0.00,0.00,0.00,0.00,1.00,0.00,9
6396,img_53157.jpg,0.00,0.00,0.00,0.00,0.00,0.00,0.00,0.00,1.00,0.00,9
6367,img_5335.jpg,0.00,0.00,0.00,0.00,0.00,0.00,0.00,0.00,1.00,0.00,9
3216,img_5361.jpg,0.50,0.00,0.00,0.00,0.00,0.04,0.00,0.01,0.00,0.45,9
3255,img_53672.jpg,0.81,0.00,0.00,0.00,0.00,0.02,0.00,0.00,0.00,0.16,9
6379,img_54146.jpg,0.00,0.00,0.00,0.00,0.00,0.00,0.00,0.00,1.00,0.00,9
3224,img_54685.jpg,0.00,0.00,0.00,0.00,0.00,0.00,0.00,0.00,1.00,0.00,9
6421,img_55971.jpg,0.00,0.00,0.00,0.00,0.00,0.00,0.00,0.00,1.00,0.00,9
848,img_57067.jpg,0.00,0.00,0.00,0.00,0.00,1.00,0.00,0.00,0.00,0.00,9
829,img_579.jpg,0.00,0.00,0.00,0.00,0.00,1.00,0.00,0.00,0.00,0.00,9
854,img_58066.jpg,0.00,0.00,0.00,0.00,0.00,0.98,0.00,0.00,0.00,0.02,9
870,img_58413.jpg,0.01,0.00,0.00,0.00,0.00,0.99,0.00,0.00,0.00,0.01,9
6398,img_58620.jpg,0.00,0.00,0.00,0.00,0.00,0.00,0.00,0.00,1.00,0.00,9
817,img_58644.jpg,0.01,0.00,0.00,0.00,0.00,0.61,0.00,0.00,0.00,0.38,9
2041,img_59409.jpg,0.54,0.00,0.00,0.00,0.00,0.06,0.00,0.00,0.00,0.40,9
6388,img_59743.jpg,0.00,0.00,0.00,0.00,0.00,0.00,0.00,0.00,1.00,0.00,9
6378,img_60004.jpg,0.00,0.00,0.00,0.00,0.00,0.00,0.00,0.00,1.00,0.00,9
7187,img_60095.jpg,0.00,0.00,0.00,0.00,0.00,0.01,0.00,0.22,0.68,0.09,9
6373,img_607.jpg,0.00,0.00,0.00,0.00,0.00,0.00,0.00,0.00,1.00,0.00,9
842,img_61283.jpg,0.00,0.00,0.00,0.00,0.00,1.00,0.00,0.00,0.00,0.00,9
816,img_61972.jpg,0.00,0.00,0.00,0.00,0.00,1.00,0.00,0.00,0.00,0.00,9
3265,img_62222.jpg,0.12,0.00,0.00,0.45,0.00,0.00,0.00,0.00,0.04,0.37,9
856,img_631.jpg,0.00,0.00,0.00,0.00,0.00,0.95,0.00,0.00,0.00,0.05,9
7168,img_63134.jpg,0.00,0.00,0.00,0.00,0.00,0.00,0.00,0.04,0.53,0.43,9
6407,img_63361.jpg,0.00,0.00,0.00,0.00,0.00,0.00,0.00,0.00,1.00,0.00,9
6410,img_63486.jpg,0.00,0.00,0.00,0.00,0.00,0.00,0.00,0.00,1.00,0.00,9
6418,img_6428.jpg,0.00,0.00,0.00,0.00,0.00,0.00,0.00,0.00,1.00,0.00,9
6382,img_65522.jpg,0.00,0.00,0.00,0.00,0.00,0.00,0.00,0.00,1.00,0.00,9
6357,img_66695.jpg,0.00,0.00,0.00,0.00,0.00,0.00,0.00,0.00,1.00,0.00,9
836,img_66914.jpg,0.00,0.00,0.00,0.00,0.00,0.99,0.00,0.00,0.01,0.00,9
8012,img_67072.jpg,0.00,0.01,0.00,0.00,0.00,0.00,0.00,0.03,0.70,0.26,9
3884,img_68344.jpg,0.58,0.00,0.00,0.00,0.00,0.00,0.00,0.00,0.00,0.41,9
6384,img_68871.jpg,0.00,0.00,0.00,0.00,0.00,0.00,0.00,0.00,1.00,0.00,9
6401,img_68907.jpg,0.00,0.00,0.00,0.00,0.00,0.00,0.00,0.00,1.00,0.00,9
6419,img_68926.jpg,0.00,0.00,0.00,0.00,0.00,0.00,0.00,0.00,1.00,0.00,9
835,img_69483.jpg,0.00,0.00,0.00,0.00,0.00,0.99,0.00,0.00,0.00,0.01,9
7172,img_69539.jpg,0.00,0.00,0.00,0.00,0.00,0.00,0.00,0.04,0.55,0.39,9
6400,img_69840.jpg,0.00,0.00,0.00,0.00,0.00,0.00,0.00,0.00,1.00,0.00,9
814,img_71334.jpg,0.00,0.00,0.00,0.00,0.00,1.00,0.00,0.00,0.00,0.00,9
3256,img_71490.jpg,0.50,0.00,0.00,0.37,0.01,0.00,0.00,0.01,0.08,0.02,9
6356,img_71497.jpg,0.00,0.00,0.00,0.00,0.00,0.00,0.00,0.00,1.00,0.00,9
6365,img_71570.jpg,0.00,0.00,0.00,0.00,0.00,0.00,0.00,0.00,1.00,0.00,9
3257,img_71824.jpg,0.51,0.00,0.00,0.00,0.00,0.01,0.00,0.07,0.00,0.40,9
3244,img_71925.jpg,0.50,0.00,0.00,0.44,0.00,0.01,0.00,0.00,0.00,0.05,9
844,img_72749.jpg,0.00,0.00,0.00,0.00,0.00,1.00,0.00,0.00,0.00,0.00,9
3212,img_73196.jpg,0.53,0.00,0.00,0.00,0.00,0.32,0.00,0.00,0.00,0.15,9
6404,img_74125.jpg,0.00,0.00,0.00,0.00,0.00,0.00,0.00,0.00,1.00,0.00,9
858,img_74205.jpg,0.00,0.00,0.00,0.00,0.00,1.00,0.00,0.00,0.00,0.00,9
2035,img_74561.jpg,0.81,0.00,0.00,0.00,0.00,0.01,0.00,0.00,0.00,0.17,9
7171,img_76510.jpg,0.00,0.00,0.00,0.00,0.00,0.01,0.00,0.01,0.81,0.17,9
866,img_76599.jpg,0.00,0.00,0.00,0.00,0.00,0.88,0.00,0.00,0.00,0.12,9
6406,img_77460.jpg,0.00,0.00,0.00,0.00,0.00,0.00,0.00,0.00,1.00,0.00,9
6374,img_77642.jpg,0.00,0.00,0.00,0.00,0.00,0.00,0.00,0.00,1.00,0.00,9
3880,img_7801.jpg,0.51,0.00,0.00,0.00,0.00,0.00,0.00,0.00,0.00,0.49,9
2037,img_78934.jpg,0.47,0.00,0.00,0.00,0.00,0.45,0.00,0.00,0.00,0.07,9
831,img_79088.jpg,0.00,0.00,0.00,0.00,0.00,0.90,0.00,0.00,0.00,0.10,9
827,img_7973.jpg,0.00,0.00,0.00,0.00,0.00,1.00,0.00,0.00,0.00,0.00,9
6415,img_8039.jpg,0.00,0.00,0.00,0.00,0.00,0.00,0.00,0.00,1.00,0.00,9
2032,img_80437.jpg,0.71,0.00,0.00,0.00,0.00,0.01,0.00,0.00,0.00,0.28,9
6422,img_80482.jpg,0.00,0.00,0.00,0.00,0.00,0.00,0.00,0.00,1.00,0.00,9
862,img_81520.jpg,0.00,0.00,0.00,0.00,0.00,0.99,0.00,0.00,0.00,0.01,9
3245,img_81578.jpg,0.47,0.00,0.00,0.35,0.00,0.00,0.00,0.00,0.00,0.17,9
6380,img_82487.jpg,0.00,0.00,0.00,0.00,0.00,0.00,0.00,0.00,1.00,0.00,9
6366,img_83037.jpg,0.00,0.00,0.00,0.00,0.00,0.00,0.00,0.00,1.00,0.00,9
3240,img_83320.jpg,0.69,0.00,0.00,0.02,0.00,0.07,0.00,0.00,0.00,0.21,9
823,img_83727.jpg,0.00,0.00,0.00,0.00,0.00,0.99,0.00,0.00,0.00,0.01,9
830,img_83904.jpg,0.00,0.00,0.00,0.00,0.00,0.99,0.00,0.00,0.00,0.01,9
3890,img_84544.jpg,0.59,0.01,0.00,0.00,0.00,0.00,0.00,0.00,0.00,0.41,9
857,img_8455.jpg,0.00,0.00,0.00,0.00,0.00,1.00,0.00,0.00,0.00,0.00,9
6360,img_85145.jpg,0.00,0.00,0.00,0.00,0.00,0.00,0.00,0.00,1.00,0.00,9
3279,img_8601.jpg,0.60,0.00,0.00,0.00,0.00,0.00,0.00,0.00,0.01,0.38,9
872,img_86098.jpg,0.00,0.00,0.00,0.00,0.00,1.00,0.00,0.00,0.00,0.00,9
3892,img_86782.jpg,0.81,0.00,0.00,0.00,0.00,0.00,0.00,0.00,0.00,0.18,9
7982,img_87534.jpg,0.00,0.00,0.00,0.00,0.00,0.00,0.00,0.00,0.99,0.00,9
855,img_87554.jpg,0.00,0.00,0.00,0.00,0.00,0.91,0.00,0.00,0.00,0.08,9
6395,img_87921.jpg,0.00,0.00,0.00,0.00,0.00,0.00,0.00,0.00,1.00,0.00,9
849,img_88054.jpg,0.00,0.00,0.00,0.00,0.00,0.98,0.00,0.00,0.00,0.02,9
6377,img_89228.jpg,0.00,0.00,0.00,0.00,0.00,0.00,0.00,0.00,1.00,0.00,9
832,img_89489.jpg,0.00,0.00,0.00,0.00,0.00,0.83,0.00,0.00,0.00,0.17,9
3895,img_89657.jpg,0.69,0.01,0.00,0.00,0.00,0.00,0.00,0.00,0.00,0.30,9
3237,img_90370.jpg,0.50,0.00,0.00,0.21,0.06,0.18,0.00,0.00,0.02,0.02,9
869,img_90487.jpg,0.00,0.00,0.00,0.00,0.00,1.00,0.00,0.00,0.00,0.00,9
845,img_90841.jpg,0.00,0.00,0.00,0.00,0.00,1.00,0.00,0.00,0.00,0.00,9
6362,img_92968.jpg,0.00,0.00,0.00,0.00,0.00,0.00,0.00,0.00,1.00,0.00,9
2024,img_93403.jpg,0.46,0.00,0.00,0.00,0.00,0.23,0.00,0.00,0.00,0.31,9
6355,img_93445.jpg,0.00,0.00,0.00,0.00,0.00,0.00,0.00,0.00,1.00,0.00,9
863,img_93475.jpg,0.00,0.00,0.00,0.00,0.00,0.95,0.00,0.00,0.00,0.05,9
3221,img_95005.jpg,0.37,0.00,0.00,0.47,0.01,0.00,0.00,0.00,0.02,0.13,9
6361,img_95019.jpg,0.00,0.00,0.00,0.00,0.00,0.00,0.00,0.00,1.00,0.00,9
3230,img_9512.jpg,0.50,0.00,0.00,0.27,0.00,0.01,0.00,0.02,0.03,0.16,9
868,img_95191.jpg,0.00,0.00,0.00,0.00,0.00,1.00,0.00,0.00,0.00,0.00,9
3298,img_95888.jpg,0.52,0.00,0.00,0.00,0.00,0.00,0.00,0.00,0.00,0.48,9
3225,img_96266.jpg,0.54,0.00,0.00,0.00,0.00,0.00,0.00,0.00,0.00,0.46,9
839,img_97889.jpg,0.00,0.00,0.00,0.00,0.00,1.00,0.00,0.00,0.00,0.00,9
6411,img_98296.jpg,0.00,0.00,0.00,0.00,0.00,0.00,0.00,0.00,1.00,0.00,9
833,img_98392.jpg,0.00,0.00,0.00,0.00,0.00,1.00,0.00,0.00,0.00,0.00,9
834,img_98514.jpg,0.00,0.00,0.00,0.00,0.00,1.00,0.00,0.00,0.00,0.00,9
3234,img_99295.jpg,0.00,0.00,0.00,0.00,0.00,0.00,0.00,0.50,0.00,0.50,9
821,img_99422.jpg,0.00,0.00,0.00,0.00,0.00,0.85,0.00,0.00,0.00,0.15,9
6383,img_99733.jpg,0.00,0.00,0.00,0.00,0.00,0.00,0.00,0.00,1.00,0.00,9
6416,img_99801.jpg,0.00,0.00,0.00,0.00,0.00,0.00,0.00,0.00,1.00,0.00,9
